time,latitude,longitude,depth,mag,magType,nst,gap,dmin,rms,net,id,updated,place,type,horizontalError,depthError,magError,magNst,status,locationSource,magSource
2019-11-23T10:57:43.259Z,31.6468,49.8943,10,4.4,mb,,133,2.327,0.95,us,us70006c64,2019-11-23T11:14:11.040Z,"49km NE of Ramhormoz, Iran",earthquake,6,1.8,0.085,40,reviewed,us,us
2019-11-19T13:30:55.851Z,29.3213,81.1463,10,5,mww,,36,5.161,0.59,us,us700069vd,2019-11-20T16:10:05.894Z,"21km ENE of Dipayal, Nepal",earthquake,8.1,1.8,0.103,9,reviewed,us,us
2019-11-19T00:14:13.557Z,38.5443,44.4021,10,4.7,mwr,,32,1.623,0.71,us,us700069pz,2019-11-19T00:55:04.040Z,"23km ESE of Saray, Turkey",earthquake,5.5,1.8,0.083,14,reviewed,us,us
2019-11-19T00:12:01.065Z,38.7317,44.4347,10,4,mb,,80,1.434,1.31,us,us700069pw,2019-11-19T01:33:13.040Z,"24km ENE of Saray, Turkey",earthquake,4.3,2,0.157,11,reviewed,us,us
2019-11-18T00:38:41.779Z,37.7639,47.7997,14.02,4,mb,,65,2.834,1.23,us,us700069au,2019-11-18T00:56:50.040Z,"66km WNW of Herowabad, Iran",earthquake,7.4,6.3,0.138,14,reviewed,us,us
2019-11-18T00:02:28.469Z,37.2128,71.9234,97.97,4.4,mb,,179,0.379,0.43,us,us700069aj,2019-11-18T00:44:07.040Z,"10km ESE of Roshtqal'a, Tajikistan",earthquake,9.3,5.4,0.379,2,reviewed,us,us
2019-11-17T17:14:22.681Z,37.0526,22.9992,10,4.7,mb,,140,0.867,1.16,us,us7000696n,2019-11-17T17:37:18.040Z,"17km SE of Leonidi, Greece",earthquake,5,1.9,0.126,19,reviewed,us,us
2019-11-17T14:39:07.503Z,32.5992,-4.2601,10,4.2,mb,,112,0.493,0.71,us,us700069bc,2019-11-18T01:51:55.673Z,"25km SE of Amersid, Morocco",earthquake,6.4,1.9,0.146,13,reviewed,us,us
2019-11-17T14:17:04.918Z,38.9098,70.8457,10.21,4.6,mb,,55,0.422,0.82,us,us7000695a,2019-11-17T14:37:18.040Z,"42km ESE of Gharm, Tajikistan",earthquake,5.3,4.2,0.125,22,reviewed,us,us
2019-11-17T09:09:28.545Z,41.3533,19.951,10,3.7,ml,,116,1.192,0.72,us,us700069b3,2019-11-18T01:25:11.319Z,"11km ENE of Tirana, Albania",earthquake,3.8,2,0.069,28,reviewed,us,us
2019-11-17T08:39:09.113Z,32.6284,-4.2761,10,5.2,mww,,47,0.467,1.26,us,us70006937,2019-11-20T10:57:35.836Z,"22km SE of Amersid, Morocco",earthquake,4,1.8,0.078,16,reviewed,us,us
2019-11-17T02:36:18.612Z,36.6696,70.9419,206.43,4.4,mb,,98,1.033,0.77,us,us70006911,2019-11-17T02:53:47.040Z,"23km SSE of Jarm, Afghanistan",earthquake,5.4,8.5,0.169,10,reviewed,us,us
2019-11-16T18:14:10.554Z,36.7411,30.0118,71.44,4.3,mb,,75,0.083,0.65,us,us700068vy,2019-11-19T17:30:28.184Z,"8km E of Elmali, Turkey",earthquake,4.5,6.1,0.099,33,reviewed,us,us
2019-11-16T06:23:25.490Z,37.0117,71.7424,135.44,4.5,mb,,88,0.521,0.99,us,us700068rn,2019-11-16T07:13:56.040Z,"28km SSW of Roshtqal'a, Tajikistan",earthquake,5.9,5,0.111,24,reviewed,us,us
2019-11-15T20:49:22.120Z,30.0252,47.7435,10,4.2,mb,,126,5.356,0.83,us,us700068m6,2019-11-19T16:16:46.040Z,"16km W of Umm Qasr, Iraq",earthquake,5.7,1.9,0.215,7,reviewed,us,us
2019-11-15T18:15:14.170Z,37.1503,23.8814,21.01,4.5,mb,,49,1.562,0.8,us,us700068i9,2019-11-16T15:10:56.916Z,"42km ESE of Ydra, Greece",earthquake,4.9,5.5,0.102,32,reviewed,us,us
2019-11-15T07:50:01.932Z,41.479,20.6971,96.4,4.4,mb,,38,1.431,0.81,us,us60006bw1,2019-11-18T11:41:48.407Z,"11km E of Centar Zupa, Macedonia",earthquake,3.1,9.1,0.144,14,reviewed,us,us
2019-11-15T01:51:18.644Z,27.0745,57.8016,10,4.5,mb,,167,2.561,1.1,us,us70006bl7,2019-11-23T03:16:14.040Z,"71km E of Minab, Iran",earthquake,8.2,1.8,0.111,24,reviewed,us,us
2019-11-14T09:23:33.027Z,36.4232,71.5238,87.86,5.2,mb,,59,1.11,0.96,us,us60006bff,2019-11-14T16:26:42.748Z,"28km S of Ashkasham, Afghanistan",earthquake,7.3,6.4,0.057,102,reviewed,us,us
2019-11-13T17:57:47.390Z,27.747,53.0882,10,4.3,mb,,46,3.949,1.32,us,us60006b67,2019-11-21T21:38:32.040Z,"94km SSW of Jahrom, Iran",earthquake,6.4,1.8,0.086,38,reviewed,us,us
2019-11-13T16:28:21.763Z,27.7449,53.0345,10,4.3,mb,,83,3.982,0.59,us,us60006b3t,2019-11-13T22:16:53.040Z,"97km SSW of Jahrom, Iran",earthquake,8.3,1.9,0.113,22,reviewed,us,us
2019-11-13T05:29:04.768Z,36.67,70.967,225.6,4.3,mb,,99,1.021,0.52,us,us60006az0,2019-11-19T08:05:03.040Z,"24km SSE of Jarm, Afghanistan",earthquake,8.1,8.4,0.161,11,reviewed,us,us
2019-11-12T14:01:49.618Z,37.7933,69.9641,10,4.3,mb,,86,0.659,0.51,us,us60006an5,2019-11-20T20:45:35.040Z,"20km SE of Kulob, Tajikistan",earthquake,5.7,1.9,0.177,9,reviewed,us,us
2019-11-12T13:18:25.082Z,27.1582,57.7747,10,4.1,mb,,96,2.617,0.75,us,us60006amw,2019-11-20T16:52:33.351Z,"68km E of Minab, Iran",earthquake,9,1.9,0.12,21,reviewed,us,us
2019-11-12T08:25:21.507Z,27.1681,57.7985,10,4.7,mb,,100,2.637,1.32,us,us60006ajd,2019-11-12T08:55:50.040Z,"71km E of Minab, Iran",earthquake,4.8,1.9,0.075,55,reviewed,us,us
2019-11-12T06:01:01.489Z,27.2047,54.8563,10,4.2,mb,,102,2.555,1.25,us,us60006ai1,2019-11-18T14:49:58.040Z,"71km N of Bandar-e Lengeh, Iran",earthquake,6,1.9,0.136,15,reviewed,us,us
2019-11-12T02:00:29.361Z,30.1118,80.2957,35.68,4.3,mb,,118,6.094,0.98,us,us60006ag4,2019-11-12T03:21:09.687Z,"36km NW of Dharchula, India",earthquake,8,9,0.133,16,reviewed,us,us
2019-11-11T10:52:47.350Z,44.6346,4.6679,10,4.8,mww,,34,0.65,1.11,us,us60006a6i,2019-11-14T18:04:28.040Z,"5km WNW of Meysse, France",earthquake,3.2,1.8,0.068,21,reviewed,us,us
2019-11-11T00:58:43.261Z,38.4497,45.3245,10,4,mb,,75,1.755,1.02,us,us60006a3k,2019-11-11T04:35:40.891Z,"34km ESE of Khvoy, Iran",earthquake,6.5,2,0.143,13,reviewed,us,us
2019-11-11T00:12:32.874Z,27.1501,57.7745,38.37,4,mb,,132,2.61,0.64,us,us60006a36,2019-11-11T08:24:52.421Z,"68km E of Minab, Iran",earthquake,9.6,14,0.13,16,reviewed,us,us
2019-11-10T16:02:12.852Z,27.9215,56.3729,10,4.6,mb,,67,2.968,0.77,us,us60006a04,2019-11-17T18:59:03.040Z,"81km N of Bandar 'Abbas, Iran",earthquake,8.7,1.9,0.071,59,reviewed,us,us
2019-11-10T02:13:47.874Z,37.8119,47.5142,10,4.8,mb,,114,2.726,1.1,us,us600069v0,2019-11-10T04:25:48.726Z,"55km NE of Hashtrud, Iran",earthquake,6,1.9,0.059,87,reviewed,us,us
2019-11-08T13:51:47.634Z,37.8121,47.4789,10,4.7,mb,,61,2.709,1.41,us,us6000696k,2019-11-08T21:08:15.006Z,"52km NE of Hashtrud, Iran",earthquake,7.4,1.9,0.083,44,reviewed,us,us
2019-11-08T10:29:46.066Z,36.4796,70.2199,209.09,4.3,mb,,90,1.558,1.04,us,us6000693e,2019-11-09T07:49:50.040Z,"34km ESE of Farkhar, Afghanistan",earthquake,7.5,8.8,0.142,14,reviewed,us,us
2019-11-08T01:26:06.003Z,42.6858,17.626,10,4.4,mb,,74,1.234,1.17,us,us600068y7,2019-11-08T01:50:41.040Z,"14km SE of Blato, Croatia",earthquake,5.5,1.9,0.17,10,reviewed,us,us
2019-11-07T23:07:17.422Z,36.7464,45.2173,10,4.4,mb,,76,1.131,0.73,us,us600068wr,2019-11-10T00:11:18.351Z,"8km NE of Piranshahr, Iran",earthquake,5.4,1.9,0.072,55,reviewed,us,us
2019-11-07T22:47:05.428Z,37.8075,47.5577,10,5.9,mww,,20,2.744,0.63,us,us600068w0,2019-11-12T03:23:57.875Z,"57km NE of Hashtrud, Iran",earthquake,6.8,1.7,0.059,28,reviewed,us,us
2019-11-07T18:00:56.450Z,27.2937,55.0357,10,4.2,mb,,54,2.563,0.76,us,us600068qk,2019-11-20T20:56:53.040Z,"80km ESE of Lar, Iran",earthquake,5.9,1.6,0.093,32,reviewed,us,us
2019-11-07T17:35:21.782Z,41.8591,13.6021,10,4.6,mwr,,34,0.272,0.79,us,us600068p6,2019-11-20T20:11:47.040Z,"2km SW of Villavallelonga, Italy",earthquake,2.8,1.8,0.043,51,reviewed,us,us
2019-11-07T01:12:53.296Z,38.1402,72.9544,159.29,4.3,mb,,105,1.192,1.05,us,us600068hl,2019-11-07T15:50:47.005Z,"88km W of Murghob, Tajikistan",earthquake,7.4,11.4,0.307,3,reviewed,us,us
2019-11-06T16:28:51.488Z,27.2849,54.8962,10,4.5,mb,,56,2.609,0.76,us,us700063z0,2019-11-18T04:31:04.976Z,"70km SE of Lar, Iran",earthquake,7.3,1.9,0.065,69,reviewed,us,us
2019-11-06T15:56:11.683Z,41.283,70.4656,48.69,4.4,mb,,49,1.819,0.99,us,us700063yi,2019-11-15T04:14:47.040Z,"36km ENE of Yangiobod, Uzbekistan",earthquake,5.9,6.5,0.104,27,reviewed,us,us
2019-11-06T13:23:17.297Z,36.4577,69.0239,49.06,4.1,mb,,72,1.317,1.05,us,us700063xa,2019-11-20T07:01:54.040Z,"26km SSW of Khanabad, Afghanistan",earthquake,6.1,10.8,0.198,7,reviewed,us,us
2019-11-06T12:23:36.416Z,27.1393,54.895,10,4.4,mb,,98,2.482,0.64,us,us700063wv,2019-11-06T12:56:56.040Z,"64km N of Bandar-e Lengeh, Iran",earthquake,8.1,1.9,0.126,18,reviewed,us,us
2019-11-06T08:37:21.363Z,26.2734,55.0492,10,4.5,mb,,169,1.684,0.98,us,us700063w2,2019-11-13T08:26:07.040Z,"35km SSE of Bandar-e Lengeh, Iran",earthquake,10.5,2,0.132,17,reviewed,us,us
2019-11-06T07:40:43.270Z,27.259,54.9533,10,5.3,mww,,36,2.564,0.95,us,us700063vr,2019-11-07T22:56:13.740Z,"76km SE of Lar, Iran",earthquake,7.4,1.8,0.071,19,reviewed,us,us
2019-11-05T20:52:22.112Z,36.5465,70.1257,207.95,5.1,mww,,22,1.571,0.99,us,us700063mc,2019-11-07T16:04:58.040Z,"24km E of Farkhar, Afghanistan",earthquake,5.8,3.5,0.075,17,reviewed,us,us
2019-11-05T13:44:09.858Z,37.5537,71.7816,110.39,4.4,mb,,84,0.099,0.37,us,us60006b5n,2019-11-13T19:59:10.040Z,"18km ENE of Shughnon, Tajikistan",earthquake,7.8,8.2,0.163,13,reviewed,us,us
2019-11-04T00:45:21.541Z,26.0591,54.7317,10,4.1,mb,,126,1.732,0.72,us,us700062rg,2019-11-04T10:51:16.915Z,"57km SSW of Bandar-e Lengeh, Iran",earthquake,7.6,2,0.14,14,reviewed,us,us
2019-11-04T00:18:40.970Z,26.1262,54.6997,10,4.2,mb,,89,1.797,0.79,us,us700062rd,2019-11-04T11:00:47.871Z,"51km SSW of Bandar-e Lengeh, Iran",earthquake,7.9,1.9,0.091,34,reviewed,us,us
2019-11-03T16:13:06.792Z,36.2772,28.7529,10,4.2,mb,,50,0.514,1.15,us,us60006ap4,2019-11-13T15:24:23.040Z,"47km SW of OEluedeniz, Turkey",earthquake,5.1,1.9,0.264,6,reviewed,us,us
2019-11-03T15:39:54.136Z,36.5018,69.926,246.14,4.4,mb,,78,1.726,0.26,us,us700062kp,2019-11-03T15:58:55.040Z,"9km SE of Farkhar, Afghanistan",earthquake,8.6,9.1,0.203,7,reviewed,us,us
2019-11-03T13:24:58.325Z,33.6377,46.3906,10,4.4,mb,,102,1.576,0.28,us,us60006ap8,2019-11-12T22:07:50.040Z,"2km W of Ilam, Iran",earthquake,5.7,2,0.203,7,reviewed,us,us
2019-11-03T12:41:02.051Z,36.5643,70.8356,189.53,4.3,mb,,72,1.168,0.67,us,us700062j9,2019-11-17T06:23:02.040Z,"33km S of Jarm, Afghanistan",earthquake,6.9,7.2,0.133,16,reviewed,us,us
2019-11-03T04:18:34.808Z,36.3793,28.6957,10,4.1,mb,,128,0.492,1.15,us,us700062gu,2019-11-03T04:39:01.040Z,"37km S of Sarigerme, Turkey",earthquake,3.6,2,0.26,4,reviewed,us,us
2019-11-02T16:22:44.974Z,37.5589,72.2128,200.66,4.3,mb,,79,0.44,0.37,us,us700062c1,2019-11-18T17:46:52.040Z,"47km NE of Roshtqal'a, Tajikistan",earthquake,4.4,8.5,0.239,5,reviewed,us,us
2019-11-02T14:11:34.721Z,44.3806,17.5375,10,4.7,mb,,38,2.157,0.96,us,us700062b9,2019-11-03T08:57:14.538Z,"15km N of Turbe, Bosnia and Herzegovina",earthquake,4.3,1.5,0.049,125,reviewed,us,us
2019-11-02T00:13:34.902Z,36.535,69.9905,222.08,4,mb,,65,1.664,0.71,us,us7000627b,2019-11-02T00:42:18.040Z,"12km ESE of Farkhar, Afghanistan",earthquake,6.2,11,0.26,4,reviewed,us,us
2019-11-01T10:17:04.582Z,36.5134,31.4581,87.55,4,mb,,110,1.268,0.71,us,us700061xu,2019-11-02T04:45:57.026Z,"28km SSE of Side, Turkey",earthquake,5.8,5.5,0.126,17,reviewed,us,us
2019-11-01T08:20:57.175Z,32.6933,48.1582,10,4.5,mb,,59,3.154,0.78,us,us700061xb,2019-11-13T09:40:50.606Z,"41km NNW of Dezful, Iran",earthquake,6.6,1.6,0.088,38,reviewed,us,us
2019-11-01T05:25:45.815Z,40.5178,20.8117,13.69,4.7,mww,,37,1.119,0.62,us,us700061wf,2019-11-13T09:01:03.825Z,"11km SSE of Korce, Albania",earthquake,6,4.2,0.08,15,reviewed,us,us
2019-10-31T15:43:59.106Z,26.1435,54.7492,10,5,mb,,48,1.775,1.03,us,us700061lx,2019-11-01T14:58:20.047Z,"47km SSW of Bandar-e Lengeh, Iran",earthquake,6.8,1.8,0.043,176,reviewed,us,us
2019-10-31T14:58:39.184Z,35.4863,53.3448,10,4.3,mb,,111,6.245,1.14,us,us700061lf,2019-11-18T17:10:10.040Z,"10km SSW of Semnan, Iran",earthquake,13.1,2,0.107,25,reviewed,us,us
2019-10-30T11:33:04.952Z,27.2521,55.1187,10,4.3,mb,,107,2.496,0.6,us,us600064tu,2019-10-30T11:55:22.040Z,"80km NNE of Bandar-e Lengeh, Iran",earthquake,6.2,2,0.129,17,reviewed,us,us
2019-10-30T01:56:52.300Z,27.2171,55.0268,10,4.5,mb,,55,2.497,0.81,us,us600064nz,2019-11-08T04:21:41.040Z,"74km N of Bandar-e Lengeh, Iran",earthquake,7.6,1.9,0.069,61,reviewed,us,us
2019-10-29T21:43:39.261Z,36.6103,70.842,215.06,4.1,mb,,74,1.127,0.63,us,us600064kt,2019-11-08T04:37:57.040Z,"28km S of Jarm, Afghanistan",earthquake,7.4,8.3,0.302,3,reviewed,us,us
2019-10-29T16:23:46.996Z,27.0853,54.9044,10,4.2,mb,,61,2.43,1.15,us,us7000642h,2019-11-06T21:38:02.040Z,"58km N of Bandar-e Lengeh, Iran",earthquake,6,1.9,0.176,9,reviewed,us,us
2019-10-29T13:01:52.372Z,35.6369,25.1435,68.89,4.5,mb,,57,0.405,0.92,us,us600064e2,2019-11-06T19:35:31.409Z,"33km N of Nea Alikarnassos, Greece",earthquake,7.2,6.5,0.089,37,reviewed,us,us
2019-10-28T14:13:03.820Z,34.3827,47.5464,10,4.4,mb,,60,1.672,1.18,us,us600063y2,2019-11-06T14:26:18.040Z,"12km NNW of Harsin, Iran",earthquake,8,1.9,0.088,37,reviewed,us,us
2019-10-27T12:03:22.889Z,37.2419,71.9423,142.81,4.4,mb,,66,2.173,0.64,us,us600063ke,2019-11-10T13:06:49.040Z,"10km E of Roshtqal'a, Tajikistan",earthquake,6.9,8.5,0.117,21,reviewed,us,us
2019-10-27T10:52:41.344Z,41.3098,78.8603,10,4.3,mwr,,60,0.896,0.87,us,us600063ju,2019-11-10T12:43:33.040Z,"119km W of Aksu, China",earthquake,3.6,1.8,0.08,15,reviewed,us,us
2019-10-27T05:29:48.293Z,41.2588,78.8556,10,5.1,mb,,32,0.918,0.71,us,us600063ht,2019-11-23T08:14:44.040Z,"119km W of Aksu, China",earthquake,5.2,1.8,0.033,296,reviewed,us,us
2019-10-26T17:04:03.001Z,36.5365,71.1528,225.5,4.4,mb,,32,1.071,0.66,us,us600063cm,2019-11-22T23:03:46.040Z,"37km WSW of Ashkasham, Afghanistan",earthquake,4.8,5.1,0.055,98,reviewed,us,us
2019-10-26T10:54:09.937Z,30.5449,87.3847,10.44,4,mb,,88,2.625,0.52,us,us6000638h,2019-11-21T10:37:43.040Z,"127km WSW of Jiajuedibu, China",earthquake,7.7,4.4,0.113,21,reviewed,us,us
2019-10-25T09:35:47.830Z,36.946,-5.2375,10,4.4,mb,,64,0.913,0.44,us,us600062ul,2019-11-23T09:37:40.413Z,"2km ENE of Olvera, Spain",earthquake,5.5,1.9,0.102,28,reviewed,us,us
2019-10-25T07:48:10.583Z,36.5161,70.3899,218,4,mb,,70,1.434,0.52,us,us600062u1,2019-11-09T12:49:28.040Z,"48km E of Farkhar, Afghanistan",earthquake,6.4,7.5,0.156,11,reviewed,us,us
2019-10-25T04:31:39.150Z,39.7051,15.4713,10,4.6,mb,,49,0.391,1.37,us,us600062t3,2019-11-21T23:54:01.831Z,"30km WSW of Scalea, Italy",earthquake,4.3,1.9,0.095,33,reviewed,us,us
2019-10-25T01:56:38.615Z,36.4762,71.1023,235.11,4,mb,,83,1.142,0.96,us,us600062s1,2019-11-21T22:48:22.040Z,"44km WSW of Ashkasham, Afghanistan",earthquake,8.7,9.7,0.26,4,reviewed,us,us
2019-10-24T21:06:47.506Z,36.4616,28.674,10,4.6,mwr,,124,0.51,1.05,us,us600062ps,2019-11-04T23:09:02.136Z,"28km S of Sarigerme, Turkey",earthquake,2.9,2,0.069,20,reviewed,us,us
2019-10-24T03:14:59.497Z,27.2412,54.9249,10,4.3,mb,,60,2.559,0.62,us,us600062kq,2019-11-19T01:35:50.040Z,"75km SE of Lar, Iran",earthquake,5.2,1.9,0.119,20,reviewed,us,us
2019-10-22T23:35:42.044Z,47.6057,12.2548,10,3.8,ml,,38,1.381,1.11,us,us70005xfs,2019-10-31T21:56:19.779Z,"4km E of Kiefersfelden, Germany",earthquake,1.7,2,0.047,60,reviewed,us,us
2019-10-22T22:10:03.576Z,27.278,55.0669,10,4.1,mb,,115,2.538,0.34,us,us700061np,2019-11-02T04:15:10.040Z,"81km NNE of Bandar-e Lengeh, Iran",earthquake,10.8,2,0.212,6,reviewed,us,us
2019-10-22T13:19:17.101Z,36.152,78.2867,35.51,4.4,mb,,97,4.819,0.95,us,us70005x4v,2019-10-31T19:02:14.040Z,"165km SW of Layka, China",earthquake,9.8,2.1,0.155,12,reviewed,us,us
2019-10-22T04:33:18.924Z,27.1838,54.9703,10,4.3,mb,,114,2.49,0.94,us,us700061mj,2019-11-19T23:05:23.040Z,"69km N of Bandar-e Lengeh, Iran",earthquake,8.2,1.9,0.142,14,reviewed,us,us
2019-10-22T02:34:51.151Z,27.2075,54.9732,10,4.1,mb,,95,2.51,0.94,us,us700061mf,2019-11-20T00:49:50.040Z,"72km N of Bandar-e Lengeh, Iran",earthquake,9.5,1.9,0.145,13,reviewed,us,us
2019-10-21T18:11:28.184Z,31.4282,51.3214,10,4.2,mb,,159,5.96,0.96,us,us7000617h,2019-10-31T19:02:32.040Z,"23km W of Semirom, Iran",earthquake,8.4,1.9,0.187,8,reviewed,us,us
2019-10-21T17:26:35.244Z,33.4696,81.4093,10,4,mb,,135,6.798,0.57,us,us70005wtf,2019-10-22T15:50:23.040Z,"120km NNE of Napug, China",earthquake,8.3,1.9,0.144,13,reviewed,us,us
2019-10-21T14:07:00.846Z,42.0808,84.5052,10,5.1,mb,,58,4.548,0.61,us,us7000616z,2019-10-30T18:24:12.040Z,"135km ENE of Kuqa, China",earthquake,8.2,1.9,0.099,33,reviewed,us,us
2019-10-21T13:16:17.794Z,27.2424,55.063,10,4.5,mb,,54,2.507,0.67,us,us70006179,2019-10-30T16:44:05.040Z,"77km NNE of Bandar-e Lengeh, Iran",earthquake,9.3,1.9,0.115,22,reviewed,us,us
2019-10-21T12:06:32.860Z,27.2192,54.9412,10,4.3,mb,,96,2.533,0.73,us,us7000616x,2019-11-20T15:09:59.040Z,"73km N of Bandar-e Lengeh, Iran",earthquake,10.3,1.9,0.138,15,reviewed,us,us
2019-10-21T10:58:52.650Z,27.2259,55.0039,9,5.5,mww,,23,2.514,1.04,us,us70005wp5,2019-11-20T08:05:28.246Z,"75km N of Bandar-e Lengeh, Iran",earthquake,7,1.8,0.063,24,reviewed,us,us
2019-10-21T10:30:43.741Z,35.2539,29.5056,38.02,4.1,mb,,97,0.98,1.33,us,us70005wnt,2019-11-20T14:54:18.040Z,"105km S of Kas, Turkey",earthquake,4.8,12,0.165,10,reviewed,us,us
2019-10-21T06:58:24.118Z,40.9509,51.6527,10,4.1,mb,,95,5.326,0.56,us,us7000616n,2019-11-11T06:18:08.040Z,"123km ENE of Artyom, Azerbaijan",earthquake,9.1,2,0.12,19,reviewed,us,us
2019-10-20T16:52:43.344Z,31.6604,49.3639,10,4,mb,,126,4.601,0.76,us,us600064cw,2019-10-29T16:46:44.040Z,"31km S of Masjed Soleyman, Iran",earthquake,8.5,2,0.173,9,reviewed,us,us
2019-10-20T08:44:56.479Z,36.0615,69.7393,135.9,4,mb,,119,1.62,0.37,us,us600064c9,2019-11-15T11:50:10.040Z,"54km E of Nahrin, Afghanistan",earthquake,8.9,18.4,0.3,3,reviewed,us,us
2019-10-20T05:14:22.664Z,50.7042,87.0149,10,4.1,mb,,237,3.517,1.08,us,us70005w72,2019-11-15T09:59:15.040Z,"61km E of Onguday, Russia",earthquake,7.6,2,0.157,11,reviewed,us,us
2019-10-19T01:03:55.425Z,37.0658,15.4503,10,2.7,ml,,116,0.883,0.48,us,us70005wgh,2019-11-14T23:41:52.146Z,"15km E of Siracusa, Italy",earthquake,5,2,0.085,18,reviewed,us,us
2019-10-18T15:54:10.304Z,35.5209,-1.0493,10,4.3,mb,,149,2.062,1.31,us,us70005vin,2019-11-16T20:25:16.753Z,"3km W of El Amria, Algeria",earthquake,4.4,2,0.189,8,reviewed,us,us
2019-10-18T10:32:54.487Z,32.9796,73.5759,42.77,4.7,mb,,120,0.717,0.94,us,us70005vdm,2019-11-16T13:02:44.904Z,"14km WNW of Jhelum, Pakistan",earthquake,8.5,6.5,0.097,32,reviewed,us,us
2019-10-18T04:09:42.141Z,26.571,55.1018,35,4.2,mb,,105,1.899,1.24,us,us70005v9x,2019-11-14T23:40:14.040Z,"22km E of Bandar-e Lengeh, Iran",earthquake,6.2,2,0.127,17,reviewed,us,us
2019-10-18T03:00:13.895Z,29.0172,51.3514,21.61,4.2,mb,,93,5.931,1.24,us,us70005v9e,2019-11-14T23:35:18.803Z,"30km SSE of Borazjan, Iran",earthquake,9.6,6.5,0.096,30,reviewed,us,us
2019-10-15T17:24:46.815Z,36.4016,21.7018,10,4.6,mb,,168,0.796,1.17,us,us70005xqs,2019-11-20T22:16:58.040Z,"46km S of Methoni, Greece",earthquake,5.8,1.9,0.122,20,reviewed,us,us
2019-10-15T14:57:27.795Z,41.9918,42.9253,10,4.4,mb,,52,1.736,0.96,us,us70005uby,2019-10-23T16:07:31.040Z,"16km SW of Zestap'oni, Georgia",earthquake,6,1.9,0.13,17,reviewed,us,us
2019-10-15T11:54:53.569Z,39.2739,17.0871,10,4.5,mb,,52,0.272,0.77,us,us70005ub2,2019-11-17T09:05:10.040Z,"2km ENE of Strongoli, Italy",earthquake,2.6,1.9,0.15,13,reviewed,us,us
2019-10-14T20:42:44.172Z,38.899,14.7863,278.43,4.3,mb,,58,1.077,1.15,us,us70005u5s,2019-10-22T20:24:35.040Z,"50km NNW of Lipari, Italy",earthquake,6.7,8.3,0.137,15,reviewed,us,us
2019-10-14T07:49:07.351Z,36.548,70.8432,201.25,4.5,mb,,79,1.178,0.84,us,us70005u1l,2019-11-09T14:58:45.040Z,"35km S of Jarm, Afghanistan",earthquake,7.5,8,0.156,12,reviewed,us,us
2019-10-14T01:53:38.203Z,27.9463,55.8972,10,4.3,mb,,101,3.001,0.81,us,us70005x5y,2019-10-22T22:52:44.040Z,"92km NNW of Bandar 'Abbas, Iran",earthquake,7.6,1.9,0.142,14,reviewed,us,us
2019-10-14T01:11:29.120Z,36.532,70.602,203.55,5,mww,,26,1.307,0.85,us,us70005tzl,2019-10-22T21:47:20.040Z,"42km SSW of Jarm, Afghanistan",earthquake,6.5,4.7,0.071,19,reviewed,us,us
2019-10-13T17:41:20.227Z,33.0038,73.5064,10,3.3,mb,,183,0.675,0.78,us,us70005twq,2019-11-11T18:03:30.680Z,"22km WNW of Jhelum, Pakistan",earthquake,7.6,2,0.344,2,reviewed,us,us
2019-10-13T12:29:52.201Z,45.9723,81.6036,19.98,4,mb,,60,0.875,0.89,us,us70005tvj,2019-10-30T06:16:33.040Z,"105km NW of Dostyq, Kazakhstan",earthquake,4.2,3.9,0.163,10,reviewed,us,us
2019-10-13T05:06:33.866Z,28.1573,73.1834,14.98,4,mb,,146,5.476,0.56,us,us70005ttj,2019-11-08T12:58:21.040Z,"19km NW of Bikaner, India",earthquake,6.9,6.5,0.183,8,reviewed,us,us
2019-10-13T01:02:41.675Z,37.3224,72.2072,233.54,4.5,mb,,76,0.482,0.75,us,us70005tsi,2019-11-10T01:38:59.040Z,"34km ENE of Roshtqal'a, Tajikistan",earthquake,8.5,5.3,0.181,9,reviewed,us,us
2019-10-12T17:21:23.098Z,32.3678,49.7049,10,4.9,mb,,67,4.305,0.85,us,us70005tq5,2019-11-19T14:40:30.040Z,"60km NE of Masjed Soleyman, Iran",earthquake,7.9,1.9,0.05,131,reviewed,us,us
2019-10-12T15:21:27.114Z,35.6919,70.0143,104.81,4.2,mb,,89,1.397,0.52,us,us70005vkt,2019-10-25T18:42:28.040Z,"61km NE of Bazarak, Afghanistan",earthquake,4.8,11.9,0.305,3,reviewed,us,us
2019-10-12T06:49:35.768Z,37.4973,20.6245,5.96,4.5,mb,,132,1.084,0.72,us,us70005tm5,2019-10-30T05:10:33.491Z,"30km SW of Lithakia, Greece",earthquake,4.1,8.3,0.221,6,reviewed,us,us
2019-10-11T22:43:19.649Z,37.6867,20.9105,10,4.5,mwr,,71,0.953,1.03,us,us70005tkd,2019-10-23T22:35:37.447Z,"7km ESE of Lithakia, Greece",earthquake,3.2,1.9,0.063,24,reviewed,us,us
2019-10-11T14:18:48.208Z,34.4118,23.3026,35,4.5,mb,,181,1.571,0.62,us,us70005vjl,2019-11-08T12:57:35.040Z,"97km SSW of Palaiochora, Greece",earthquake,7.9,2,0.14,15,reviewed,us,us
2019-10-11T09:19:34.712Z,28.3433,54.5223,10,4.2,mb,,86,3.703,0.64,us,us70005tcd,2019-11-09T11:17:34.040Z,"45km S of Darab, Iran",earthquake,3.4,1.9,0.101,27,reviewed,us,us
2019-10-10T23:55:59.274Z,39.4309,25.6788,10,4.2,mb,,33,1.479,0.87,us,us70005t9m,2019-10-22T03:55:20.817Z,"36km NW of Eresos, Greece",earthquake,5.9,2,0.136,15,reviewed,us,us
2019-10-10T22:38:55.412Z,37.5726,72.1248,197.09,4.2,mb,,66,0.371,1.2,us,us70005vh5,2019-10-20T00:02:33.040Z,"43km NE of Roshtqal'a, Tajikistan",earthquake,5.5,5.4,0.304,3,reviewed,us,us
2019-10-10T16:52:03.151Z,40.7283,29.2125,10,4.3,mb,,55,1.272,0.69,us,us70005t3c,2019-11-08T22:28:53.451Z,"9km NNW of Yalova, Turkey",earthquake,3.7,1.9,0.306,3,reviewed,us,us
2019-10-09T10:44:35.740Z,36.5069,70.6409,203.28,5.1,mww,,20,1.306,0.82,us,us70005sii,2019-11-02T10:58:31.167Z,"43km SSW of Jarm, Afghanistan",earthquake,6.4,4.7,0.086,13,reviewed,us,us
2019-10-09T08:17:23.841Z,36.5983,71.2071,94.62,4.6,mb,,78,0.998,0.91,us,us70005shd,2019-11-13T13:00:01.040Z,"30km WSW of Ashkasham, Afghanistan",earthquake,7.4,8,0.158,12,reviewed,us,us
2019-10-09T03:23:53.824Z,36.5492,70.0605,232.7,4.1,mb,,85,1.611,0.32,us,us70005sfb,2019-11-12T00:44:53.040Z,"18km E of Farkhar, Afghanistan",earthquake,4.8,9.7,0.302,3,reviewed,us,us
2019-10-09T03:06:29.434Z,40.6762,51.9596,10,4.6,mb,,54,5.535,0.92,us,us70005sf8,2019-11-08T02:38:30.908Z,"111km NW of Turkmenbasy, Turkmenistan",earthquake,6.9,1.9,0.073,56,reviewed,us,us
2019-10-08T21:49:23.948Z,42.8627,78.7119,23.81,4.5,mb,,53,0.429,1.24,us,us70005sbz,2019-10-30T03:28:40.995Z,"32km ENE of Tyup, Kyrgyzstan",earthquake,6,5.7,0.106,26,reviewed,us,us
2019-10-08T20:24:07.116Z,36.1388,14.3101,10,3.3,ml,,116,0.347,0.65,us,us70005sc2,2019-11-08T19:58:00.040Z,"10km NNE of Xaghra, Malta",earthquake,5.9,2,0.097,14,reviewed,us,us
2019-10-08T10:48:29.329Z,38.4804,73.2324,123.2,4.3,mb,,78,1.496,0.74,us,us70005rws,2019-11-09T13:10:48.040Z,"64km SSW of Karakul, Tajikistan",earthquake,5.5,11,0.238,5,reviewed,us,us
2019-10-08T07:44:40.429Z,33.9956,72.5735,10,3.9,mb,,161,0.673,1.04,us,us70005rvq,2019-11-13T12:09:07.040Z,"9km SSW of Topi, Pakistan",earthquake,7.4,2,0.296,3,reviewed,us,us
2019-10-07T06:11:34.056Z,38.9469,16.4541,35,4.5,mb,,54,0.331,0.96,us,us70005rig,2019-11-03T06:21:13.895Z,"3km NW of Marcellinara, Italy",earthquake,3.2,2,0.14,15,reviewed,us,us
2019-10-06T05:25:54.681Z,32.9078,73.6905,10,3.6,mb,,184,0.82,0.4,us,us70005xep,2019-11-15T06:51:29.040Z,"4km SW of Jhelum, Pakistan",earthquake,6,2,0.251,4,reviewed,us,us
2019-10-05T14:51:37.881Z,35.9894,27.978,76.05,5,mb,,131,0.252,0.93,us,us70005r33,2019-11-21T14:45:06.040Z,"12km SSW of Lardos, Greece",earthquake,6.7,5,0.075,56,reviewed,us,us
2019-10-04T21:58:25.425Z,36.9242,54.0041,10,4.3,mb,,175,6.95,0.47,us,us70005tgx,2019-10-12T02:46:09.040Z,"39km WNW of Gorgan, Iran",earthquake,9.2,2,0.53,1,reviewed,us,us
2019-10-04T08:43:09.258Z,27.6516,53.1482,10,4,mb,,107,3.845,0.71,us,us70005tgm,2019-10-20T07:40:18.040Z,"97km W of Gerash, Iran",earthquake,8.5,2,0.164,10,reviewed,us,us
2019-10-03T22:02:57.248Z,37.4969,72.1908,196.92,4.5,mb,,54,0.423,0.67,us,us70005qhc,2019-11-15T03:55:56.040Z,"41km NE of Roshtqal'a, Tajikistan",earthquake,6.2,4.6,0.04,178,reviewed,us,us
2019-10-03T18:27:23.969Z,28.5403,53.6414,10,4.4,mb,,70,4.25,1.04,us,us70005qbt,2019-10-13T16:56:12.040Z,"9km ENE of Jahrom, Iran",earthquake,6.9,1.8,0.071,57,reviewed,us,us
2019-10-03T13:01:39.849Z,50.21,18.8257,5,2.8,ml,,160,0.625,0.97,us,us70005quq,2019-10-04T19:24:36.040Z,"3km SE of Paniowki, Poland",earthquake,3.8,2,0.115,10,reviewed,us,us
2019-10-03T04:44:56.550Z,36.2765,28.5721,17.77,5.1,mww,,41,0.369,1,us,us70005q4l,2019-11-13T22:46:28.040Z,"34km ESE of Faliraki, Greece",earthquake,4,3.6,0.071,19,reviewed,us,us
2019-10-02T22:28:55.147Z,38.2452,73.4775,161.53,4.3,mb,,80,1.605,0.91,us,us70005q25,2019-10-26T02:07:31.254Z,"43km W of Murghob, Tajikistan",earthquake,5.1,11.3,0.237,5,reviewed,us,us
2019-10-02T03:23:49.912Z,36.5274,70.0431,225.79,4.4,mb,,66,1.635,0.56,us,us70005pnv,2019-11-04T04:45:43.040Z,"17km ESE of Farkhar, Afghanistan",earthquake,4.8,7.7,0.148,13,reviewed,us,us
2019-09-30T12:24:25.771Z,40.1226,76.1243,47.46,4.5,mb,,54,2.048,0.79,us,us70005nuq,2019-11-07T13:51:49.040Z,"49km N of Arzak, China",earthquake,6.5,6.6,0.127,18,reviewed,us,us
2019-09-30T06:04:15.071Z,40.5193,84.3445,10,4.1,mb,,87,4.882,0.53,us,us70005nrl,2019-10-28T09:52:18.040Z,"178km SE of Kuqa, China",earthquake,8.1,1.9,0.157,11,reviewed,us,us
2019-09-30T05:39:31.947Z,36.087,22.9204,10,4.3,mb,,188,1.352,0.64,us,us70005nre,2019-10-28T09:50:05.040Z,"67km S of Gefyra, Greece",earthquake,6.9,1.9,0.16,11,reviewed,us,us
2019-09-29T22:47:38.138Z,36.6293,70.9558,207.97,4.2,mb,,76,1.06,0.41,us,us70005nnk,2019-10-28T21:47:35.040Z,"28km SSE of Jarm, Afghanistan",earthquake,4.9,7.9,0.215,6,reviewed,us,us
2019-09-29T07:50:47.930Z,35.2376,27.8704,10,4.4,mb,,141,0.656,0.74,us,us70005nf2,2019-10-30T08:14:04.040Z,"66km ESE of Karpathos, Greece",earthquake,6.1,1.9,0.17,10,reviewed,us,us
2019-09-29T02:17:31.538Z,35.9731,70.2323,104.86,4.5,mb,,83,1.728,0.97,us,us70005s40,2019-10-25T23:15:01.040Z,"49km W of `Alaqahdari-ye Kiran wa Munjan, Afghanistan",earthquake,7.1,10.1,0.191,9,reviewed,us,us
2019-09-28T04:58:27.168Z,30.026,81.5319,10,4.4,mb,,183,7.903,0.82,us,us70005s36,2019-11-05T23:31:25.040Z,"43km SE of Burang, China",earthquake,5.8,2,0.268,4,reviewed,us,us
2019-09-27T17:48:27.371Z,14.9065,52.3892,10,4.9,mb,,51,9.878,0.88,us,us70005mr0,2019-10-30T17:11:35.040Z,"81km SSE of Haswayn, Yemen",earthquake,8.5,1.9,0.053,113,reviewed,us,us
2019-09-26T20:20:18.595Z,40.8151,28.1964,10,4.3,mb,,46,1.632,0.56,us,us70005lyy,2019-10-10T17:17:26.772Z,"26km SE of Marmaraereglisi, Turkey",earthquake,5.4,2,0.308,3,reviewed,us,us
2019-09-26T20:02:41.002Z,40.849,28.1699,10,4.5,mb,,73,1.611,1.01,us,us70005s19,2019-10-10T14:57:16.845Z,"22km SE of Marmaraereglisi, Turkey",earthquake,5.7,1.9,0.542,1,reviewed,us,us
2019-09-26T13:04:21.563Z,28.0869,84.4371,10,4.4,mb,,177,6.082,0.8,us,us70005lmv,2019-10-27T13:47:59.040Z,"15km SSE of Lamjung, Nepal",earthquake,11.5,1.9,0.101,28,reviewed,us,us
2019-09-26T11:26:37.619Z,40.8568,28.1814,10,4.4,mb,,56,1.619,0.81,us,us70005ll1,2019-10-30T12:05:03.040Z,"22km ESE of Marmaraereglisi, Turkey",earthquake,5.6,1.9,0.19,8,reviewed,us,us
2019-09-26T10:59:25.648Z,40.9035,28.1502,8,5.7,mww,,19,1.595,0.9,us,us70005lkl,2019-11-07T13:16:07.077Z,"18km ESE of Marmaraereglisi, Turkey",earthquake,5.2,1.8,0.033,88,reviewed,us,us
2019-09-26T07:01:25.768Z,33.0481,73.6318,10,4.7,mb,,101,0.673,1.12,us,us70005lie,2019-11-06T07:39:03.040Z,"15km NW of Jhelum, Pakistan",earthquake,7.6,1.9,0.138,16,reviewed,us,us
2019-09-26T06:57:06.851Z,38.6888,73.443,146.85,4.5,mb,,70,1.821,0.54,us,us70005lid,2019-10-25T10:37:52.040Z,"35km SSW of Karakul, Tajikistan",earthquake,6.7,5.8,0.15,14,reviewed,us,us
2019-09-26T00:35:31.692Z,33.2873,47.4536,10,4.4,mb,,108,1.312,0.82,us,us70005lg5,2019-10-31T03:44:41.040Z,"30km SSW of Kuhdasht, Iran",earthquake,6.6,1.6,0.086,39,reviewed,us,us
2019-09-25T20:17:15.775Z,34.2998,22.5164,10,4.3,mb,,186,2.188,0.9,us,us70005ryz,2019-10-09T14:51:20.040Z,"148km SW of Palaiochora, Greece",earthquake,8.2,1.9,0.126,18,reviewed,us,us
2019-09-25T15:21:50.033Z,33.5716,25.3872,4.77,4.5,mb,,115,1.76,0.69,us,us70005l68,2019-10-09T03:32:11.040Z,"159km S of Pirgos, Greece",earthquake,7.7,5.1,0.102,28,reviewed,us,us
2019-09-25T13:17:37.289Z,31.8613,49.7105,42.07,4.1,mb,,74,4.653,0.7,us,us70005ryp,2019-11-06T08:07:13.040Z,"39km ESE of Masjed Soleyman, Iran",earthquake,7.8,11.4,0.158,11,reviewed,us,us
2019-09-25T01:24:03.462Z,41.2969,19.5096,10,4.4,mb,,47,1.147,0.99,us,us70005kyf,2019-10-09T02:14:25.630Z,"6km ESE of Durres, Albania",earthquake,6.2,1.9,0.117,21,reviewed,us,us
2019-09-25T01:03:59.497Z,32.9807,73.6466,10,3.7,mb,,178,0.739,1.07,us,us70005ky5,2019-09-25T18:06:48.652Z,"9km NW of Jhelum, Pakistan",earthquake,6.7,2,0.224,5,reviewed,us,us
2019-09-24T21:19:50.690Z,18.1958,40.003,10,4.5,mb,,77,7.173,0.73,us,us70005px0,2019-10-12T23:15:45.040Z,"153km SW of Al Qunfidhah, Saudi Arabia",earthquake,9.7,1.9,0.088,38,reviewed,us,us
2019-09-24T17:35:57.556Z,33.0904,73.7855,10,3.6,mb,,180,0.706,0.72,us,us60005mye,2019-10-24T21:58:06.040Z,"5km SSE of New Mirpur, Pakistan",earthquake,7,2,0.287,3,reviewed,us,us
2019-09-24T13:38:14.674Z,56.9504,1.8,10,4.6,mb,,70,3.213,0.59,us,us60005msj,2019-10-02T18:24:21.040Z,"224km ESE of Boddam, United Kingdom",earthquake,7.4,1.9,0.067,67,reviewed,us,us
2019-09-24T11:38:53.556Z,36.6765,70.9062,220.31,4.4,mb,,107,1.043,0.64,us,us60005mrj,2019-10-27T11:45:32.040Z,"21km SSE of Jarm, Afghanistan",earthquake,9.4,5.4,0.267,4,reviewed,us,us
2019-09-24T11:01:54.969Z,33.0749,73.8009,10,5.4,mww,,21,0.726,0.89,us,us60005mqp,2019-11-08T06:53:03.176Z,"8km SSE of New Mirpur, Pakistan",earthquake,2.3,1.7,0.11,8,reviewed,us,us
2019-09-24T09:02:00.930Z,31.8651,49.6636,32.63,4.7,mb,,60,4.622,0.6,us,us60005mnv,2019-10-19T05:40:12.283Z,"34km ESE of Masjed Soleyman, Iran",earthquake,7,5.1,0.05,124,reviewed,us,us
2019-09-24T08:00:24.160Z,40.8578,28.1454,10,4.9,mb,,39,1.592,1.23,us,us60005mmr,2019-10-30T06:30:08.040Z,"20km SE of Marmaraereglisi, Turkey",earthquake,5.1,1.9,0.067,70,reviewed,us,us
2019-09-24T07:48:57.971Z,34.2395,26.2004,10,4.9,mww,,43,1.502,0.86,us,us60005mmg,2019-11-07T14:15:20.775Z,"91km SSE of Makry Gialos, Greece",earthquake,5.1,1.8,0.08,15,reviewed,us,us
2019-09-23T07:09:03.721Z,35.9527,27.3003,16.52,4.3,mb,,49,0.42,0.92,us,us60005m47,2019-10-13T10:13:04.040Z,"50km N of Karpathos, Greece",earthquake,5,4.4,0.109,24,reviewed,us,us
2019-09-22T20:08:41.490Z,41.4902,19.6702,10,4.3,mb,,46,0.987,1.17,us,us60005m0j,2019-10-21T15:07:06.797Z,"4km WNW of Fushe-Kruje, Albania",earthquake,6.3,1.9,0.237,5,reviewed,us,us
2019-09-22T16:17:01.966Z,28.4605,84.3309,18.23,4.5,mb,,148,6.075,1.06,us,us70005nyj,2019-09-30T19:43:29.040Z,"12km SE of Chame, Nepal",earthquake,11.8,5.1,0.164,11,reviewed,us,us
2019-09-22T13:42:11.441Z,36.6951,71.0896,211.14,4.5,mb,,44,0.949,0.56,us,us60005lz8,2019-09-30T16:49:24.155Z,"29km SE of Jarm, Afghanistan",earthquake,7.9,6.7,0.066,67,reviewed,us,us
2019-09-22T05:02:48.511Z,36.082,68.4308,27.85,4.9,mb,,98,1.497,0.63,us,us60005lxa,2019-10-17T11:59:18.482Z,"20km NNW of Hukumati Dahanah-ye Ghori, Afghanistan",earthquake,6.9,5.6,0.053,114,reviewed,us,us
2019-09-22T04:28:53.868Z,44.7143,18.5295,10,2.9,ml,,151,2.144,0.64,us,us60005lxm,2019-10-17T20:52:26.040Z,"3km ENE of Srebrenik, Bosnia and Herzegovina",earthquake,3.8,2,0.071,26,reviewed,us,us
2019-09-22T00:28:10.386Z,41.3107,19.5253,10,4.4,mb,,69,1.135,1,us,us60005lvu,2019-10-20T00:14:15.084Z,"5km SW of Shijak, Albania",earthquake,4.2,1.8,0.189,8,reviewed,us,us
2019-09-21T22:07:30.514Z,41.3235,19.5331,10,4.8,mb,,35,1.124,0.61,us,us60005lut,2019-10-19T03:46:29.746Z,"3km SW of Shijak, Albania",earthquake,5.7,1.8,0.062,81,reviewed,us,us
2019-09-21T20:24:54.581Z,19.3582,60.7254,10,4.3,mb,,102,4.327,0.73,us,us70005ml1,2019-10-13T02:16:02.040Z,"Owen Fracture Zone region",earthquake,12,1.9,0.116,21,reviewed,us,us
2019-09-21T19:55:48.540Z,40.3701,14.9475,299.64,4.7,mb,,37,0.72,0.66,us,us60005ltu,2019-10-19T02:46:23.002Z,"4km WNW of Agropoli, Italy",earthquake,6,3.3,0.072,59,reviewed,us,us
2019-09-21T16:10:36.667Z,41.3266,19.518,10,4.4,mb,,51,1.118,1.3,us,us60005ls8,2019-10-21T14:40:10.536Z,"4km WSW of Shijak, Albania",earthquake,5.2,2,0.22,6,reviewed,us,us
2019-09-21T14:15:52.981Z,41.4685,19.5438,13.73,5.1,mwr,,40,0.983,1.06,us,us60005lrg,2019-10-21T13:57:22.709Z,"12km NW of Vore, Albania",earthquake,5.1,2.6,0.057,30,reviewed,us,us
2019-09-21T14:04:25.803Z,41.3375,19.5303,20,5.6,mww,,34,1.109,1.13,us,us60005lrf,2019-11-10T13:50:31.599Z,"3km WSW of Shijak, Albania",earthquake,2.1,1.8,0.042,55,reviewed,us,us
2019-09-21T11:30:56.466Z,38.6428,70.2215,10,4.6,mb,,105,0.364,0.7,us,us60005lqr,2019-10-13T09:35:56.040Z,"33km SE of Komsomolobod, Tajikistan",earthquake,5.7,1.9,0.133,17,reviewed,us,us
2019-09-21T07:35:05.388Z,50.7432,86.9739,10,4.2,mb,,120,3.471,0.95,us,us60005lpy,2019-10-12T10:39:03.040Z,"58km E of Onguday, Russia",earthquake,10.7,2,0.146,13,reviewed,us,us
2019-09-20T23:34:02.458Z,43.0299,17.9569,9.97,3.2,ml,,60,1.132,0.73,us,us60005lp0,2019-09-21T21:32:22.205Z,"6km S of Stolac, Bosnia and Herzegovina",earthquake,6.6,12.1,0.051,50,reviewed,us,us
2019-09-19T19:43:09.590Z,41.3585,83.8336,10,4.5,mb,,83,4.211,0.44,us,us60005l30,2019-10-01T19:08:08.040Z,"85km ESE of Kuqa, China",earthquake,8.7,1.1,0.113,23,reviewed,us,us
2019-09-19T18:33:16.775Z,37.6034,20.703,10.32,4.7,mb,,97,1.061,0.82,us,us60005l2f,2019-10-01T19:06:31.972Z,"17km SW of Mouzaki, Greece",earthquake,6.8,5.2,0.09,37,reviewed,us,us
2019-09-17T19:29:56.434Z,35.3317,46.2297,16.09,4.6,mb,,60,0.469,0.92,us,us70005hlq,2019-10-22T20:57:45.040Z,"27km NE of Halabjah, Iraq",earthquake,5.2,3.9,0.054,102,reviewed,us,us
2019-09-17T11:04:19.524Z,36.5095,70.6811,198.86,4.2,mb,,77,1.285,0.62,us,us70005hg0,2019-10-13T13:21:33.040Z,"41km SSW of Jarm, Afghanistan",earthquake,7,4.6,0.141,14,reviewed,us,us
2019-09-16T20:03:22.415Z,27.5961,56.3791,10,4.3,mb,,112,2.644,1.25,us,us70005h8e,2019-09-24T18:02:20.040Z,"46km NNE of Bandar 'Abbas, Iran",earthquake,8.4,1.9,0.083,41,reviewed,us,us
2019-09-16T16:58:49.082Z,36.566,50.0151,10,4.4,mb,,173,3.776,0.57,us,us70005h6u,2019-09-24T19:53:51.162Z,"31km N of Qazvin, Iran",earthquake,10.7,1.9,0.149,14,reviewed,us,us
2019-09-16T16:55:41.986Z,27.6148,56.3437,10,4.5,mb,,105,2.661,0.93,us,us70005h57,2019-10-12T10:45:44.319Z,"47km N of Bandar 'Abbas, Iran",earthquake,7.4,1.9,0.094,33,reviewed,us,us
2019-09-16T14:33:25.773Z,29.691,80.7419,10,4.5,mb,,165,5.597,0.47,us,us70005h21,2019-09-24T18:28:06.899Z,"26km SE of Darchula, Nepal",earthquake,8.9,1.8,0.151,13,reviewed,us,us
2019-09-16T12:56:57.713Z,31.3802,51.1235,10,4.6,mb,,77,3.407,0.58,us,us70005h11,2019-10-07T12:21:12.040Z,"42km W of Semirom, Iran",earthquake,5.3,1.9,0.122,20,reviewed,us,us
2019-09-15T21:44:04.980Z,39.5758,77.0677,10,4.4,mb,,77,2.222,0.86,us,us70005gsv,2019-10-16T03:17:27.040Z,"82km E of Arzak, China",earthquake,8,2,0.139,15,reviewed,us,us
2019-09-15T16:34:58.872Z,42.4801,84.2853,34.6,4.5,mb,,109,4.352,0.93,us,us60005m8x,2019-09-23T18:57:31.040Z,"139km NE of Kuqa, China",earthquake,9.2,2.8,0.108,25,reviewed,us,us
2019-09-15T16:13:08.310Z,42.2472,84.4744,35,4.5,mb,,82,4.507,1.09,us,us70005h1u,2019-09-23T17:29:56.040Z,"139km ENE of Kuqa, China",earthquake,7.5,2,0.102,28,reviewed,us,us
2019-09-15T02:06:51.844Z,35.0677,23.054,46.07,4.5,mb,,175,1.52,0.96,us,us60005m91,2019-10-13T00:26:16.040Z,"60km WSW of Palaiochora, Greece",earthquake,9,11.2,0.171,10,reviewed,us,us
2019-09-14T19:03:34.374Z,40.7229,32.9884,10,4.3,mb,,41,0.642,1.22,us,us70005gft,2019-09-22T05:30:23.040Z,"12km SE of Cerkes, Turkey",earthquake,2.9,2,0.177,9,reviewed,us,us
2019-09-14T15:33:44.698Z,38.9987,44.2673,10,4.4,mb,,71,1.168,0.71,us,us70005gdv,2019-09-19T18:27:37.040Z,"34km ESE of Caldiran, Turkey",earthquake,6.5,1.9,0.087,38,reviewed,us,us
2019-09-14T11:46:01.284Z,40.7027,33.0176,10,4.3,mb,,38,0.634,0.87,us,us70005gby,2019-10-07T07:49:34.943Z,"11km NW of Orta, Turkey",earthquake,4,1.9,0.154,12,reviewed,us,us
2019-09-14T06:03:13.477Z,40.6861,33.0299,10,4.7,mb,,39,0.636,0.89,us,us70005g9r,2019-10-06T06:18:27.419Z,"9km NW of Orta, Turkey",earthquake,2.8,1.8,0.108,26,reviewed,us,us
2019-09-14T06:00:31.717Z,40.7179,32.9834,10,4.4,mb,,37,0.648,0.67,us,us70005g9p,2019-10-06T06:17:28.528Z,"12km SE of Cerkes, Turkey",earthquake,3.5,1.9,0.108,25,reviewed,us,us
2019-09-13T19:41:46.340Z,50.6836,87.0676,10,4,mb,,137,3.549,0.94,us,us70005g4f,2019-10-16T19:36:18.040Z,"63km NW of Aktash, Russia",earthquake,8.9,1.4,0.15,14,reviewed,us,us
2019-09-13T18:32:24.683Z,36.1639,68.8684,48.95,4.3,mb,,79,1.518,1.35,us,us70005g0f,2019-10-16T17:33:03.040Z,"14km ENE of Baghlan, Afghanistan",earthquake,5.7,10.7,0.201,9,reviewed,us,us
2019-09-13T12:31:17.765Z,36.0477,22.1552,94.22,4.7,mb,,94,1.143,1.22,us,us60005ld0,2019-10-17T14:02:16.040Z,"85km SSE of Koroni, Greece",earthquake,4.8,9.8,0.225,6,reviewed,us,us
2019-09-13T11:36:09.647Z,36.5594,70.7923,116.83,4.5,mb,,156,1.191,0.7,us,us70005ft8,2019-10-15T11:55:40.040Z,"34km S of Jarm, Afghanistan",earthquake,8.8,7.6,0.118,21,reviewed,us,us
2019-09-13T04:29:48.137Z,50.6187,87.262,10,4.7,mb,,56,3.656,1.02,us,us70005fqu,2019-10-12T23:44:12.414Z,"48km NW of Aktash, Russia",earthquake,9.1,1.8,0.052,112,reviewed,us,us
2019-09-13T04:08:05.510Z,50.6199,87.347,10,5,mb,,35,3.677,0.98,us,us70005fqk,2019-10-12T23:41:42.618Z,"43km W of Ust'-Ulagan, Russia",earthquake,7.2,1.9,0.04,199,reviewed,us,us
2019-09-13T00:59:56.125Z,36.2333,83.9973,10,4.4,mb,,279,7.906,1.08,us,us70005fnn,2019-09-13T02:32:48.040Z,"251km SSW of Qiemo, China",earthquake,9.2,2,0.378,2,reviewed,us,us
2019-09-12T09:22:32.739Z,36.6697,70.6855,261.4,4.9,mb,,36,1.888,0.72,us,us70005fas,2019-10-16T12:51:40.040Z,"25km SSW of Jarm, Afghanistan",earthquake,7.3,5.9,0.033,291,reviewed,us,us
2019-09-11T19:06:57.597Z,16.5746,40.1419,10,5,mb,,58,5.659,0.99,us,us70005ezz,2019-09-14T18:16:16.040Z,"129km NE of Massawa, Eritrea",earthquake,9.6,1.9,0.056,100,reviewed,us,us
2019-09-11T08:13:16.394Z,38.0765,24.1067,10,3.3,ml,,76,1.95,0.91,us,us70005enk,2019-10-16T12:28:03.040Z,"10km E of Nea Makri, Greece",earthquake,5.6,1.6,0.091,16,reviewed,us,us
2019-09-11T07:14:38.739Z,36.6682,71.0056,225.7,4.5,mb,,72,1.006,1.02,us,us70005ems,2019-10-16T11:49:02.040Z,"26km SE of Jarm, Afghanistan",earthquake,8.2,7.4,0.056,92,reviewed,us,us
2019-09-10T16:22:47.212Z,41.0373,44.1411,6.71,4.7,mb,,42,0.998,0.71,us,us70005e8a,2019-09-23T15:01:24.918Z,"15km SW of Tashir, Armenia",earthquake,5.9,5.4,0.051,115,reviewed,us,us
2019-09-10T07:06:46.428Z,35.1093,27.8166,19.33,4.3,mb,,104,0.691,0.66,us,us70005e0c,2019-10-06T05:28:42.040Z,"70km SE of Karpathos, Greece",earthquake,6,5.6,0.125,18,reviewed,us,us
2019-09-09T22:40:52.641Z,34.3387,45.6771,10,4.3,mb,,122,0.777,0.57,us,us70005hub,2019-09-19T22:44:41.040Z,"21km SW of Sarpol-e Zahab, Iran",earthquake,6.2,1.9,0.169,10,reviewed,us,us
2019-09-09T09:56:03.433Z,38.506,44.1024,10,4.1,mb,,73,0.842,0.73,us,us70005htt,2019-10-10T12:38:21.040Z,"16km SSW of Saray, Turkey",earthquake,5.6,1.3,0.15,12,reviewed,us,us
2019-09-09T06:40:33.517Z,32.9804,76.181,43.93,4.9,mb,,61,2.528,0.6,us,us70005dl7,2019-10-09T14:09:55.040Z,"43km E of Bhadarwah, India",earthquake,8,6.7,0.042,177,reviewed,us,us
2019-09-09T02:57:49.082Z,39.3781,15.4884,251.29,4.5,mb,,48,0.664,1.29,us,us70005djt,2019-09-18T22:45:15.040Z,"41km WSW of Cetraro, Italy",earthquake,4.9,5.6,0.045,147,reviewed,us,us
2019-09-08T23:56:35.848Z,37.3419,71.9799,193.36,4.3,mb,,77,2.111,0.88,us,us70005dj0,2019-09-09T00:19:35.040Z,"16km NE of Roshtqal'a, Tajikistan",earthquake,6.5,10.1,0.129,17,reviewed,us,us
2019-09-08T20:00:17.776Z,37.4988,21.9211,10,4.5,mb,,48,0.319,0.77,us,us70005dgg,2019-09-11T08:28:41.902Z,"22km WNW of Megalopolis, Greece",earthquake,2.2,1.9,0.113,23,reviewed,us,us
2019-09-08T19:13:45.796Z,26.9992,55.5758,10,4.3,mb,,87,2.122,1.05,us,us70005h4r,2019-10-19T19:32:02.040Z,"69km W of Qeshm, Iran",earthquake,7.9,1.8,0.105,26,reviewed,us,us
2019-09-08T10:53:27.902Z,26.9094,55.608,10,4.6,mb,,82,2.028,0.64,us,us70005de5,2019-10-02T06:26:55.040Z,"66km W of Qeshm, Iran",earthquake,4.1,1.9,0.077,50,reviewed,us,us
2019-09-08T10:19:55.266Z,36.5273,70.649,189.69,4.2,mb,,87,1.991,0.46,us,us70005ddw,2019-10-02T06:25:22.040Z,"40km SSW of Jarm, Afghanistan",earthquake,10.5,9.3,0.132,16,reviewed,us,us
2019-09-08T02:34:32.435Z,33.0736,76.1758,10,4.8,mb,,107,2.5,0.74,us,us70005dbm,2019-10-03T22:44:12.040Z,"44km ENE of Bhadarwah, India",earthquake,4.3,1.8,0.066,70,reviewed,us,us
2019-09-07T23:22:00.908Z,45.415,26.1455,139.5,4.1,mb,,46,0.16,1.1,us,us70005daw,2019-09-21T02:20:18.040Z,"8km NNW of Chiojdu, Romania",earthquake,6.8,4.1,0.166,10,reviewed,us,us
2019-09-07T00:30:16.288Z,43.1853,76.8626,10,3.1,ml,,109,1.085,0.88,us,us70005d4m,2019-09-07T05:37:01.040Z,"10km SW of Almaty, Kazakhstan",earthquake,4.4,2,0.128,8,reviewed,us,us
2019-09-06T12:49:34.513Z,36.6473,70.9381,229.51,4.3,mb,,76,1.053,0.45,us,us70005crc,2019-10-09T11:21:48.040Z,"25km SSE of Jarm, Afghanistan",earthquake,6.4,6.5,0.189,8,reviewed,us,us
2019-09-06T08:59:54.815Z,35.8397,31.734,59.39,4.2,mb,,111,1.571,0.6,us,us70005cpr,2019-10-18T12:12:39.977Z,"71km SW of Gazipasa, Turkey",earthquake,6.3,10.4,0.159,11,reviewed,us,us
2019-09-05T17:47:39.933Z,40.1292,19.8521,32.53,4.4,mb,,54,0.418,0.96,us,us70005cfk,2019-09-16T15:50:32.040Z,"9km ENE of Himare, Albania",earthquake,6.1,8,0.149,13,reviewed,us,us
2019-09-04T01:01:32.884Z,35.1737,27.8965,14.36,4.6,mb,,49,0.707,0.93,us,us70005bq9,2019-09-11T22:41:46.040Z,"72km ESE of Karpathos, Greece",earthquake,3.3,4.2,0.065,70,reviewed,us,us
2019-09-03T18:47:00.026Z,27.1596,59.6919,10,4.9,mb,,76,3.834,1,us,us70005bl4,2019-10-17T14:28:41.040Z,"98km W of Iranshahr, Iran",earthquake,7.4,1.8,0.053,118,reviewed,us,us
2019-09-03T16:34:35.294Z,38.9476,70.533,11.93,4.2,mb,,65,0.177,0.62,us,us70005bij,2019-09-10T18:51:41.040Z,"16km ESE of Gharm, Tajikistan",earthquake,5.9,4.5,0.186,8,reviewed,us,us
2019-09-03T14:30:56.915Z,36.4155,70.7402,203.83,4.5,mb,,103,1.334,0.9,us,us70005bhm,2019-09-10T18:32:09.040Z,"43km N of `Alaqahdari-ye Kiran wa Munjan, Afghanistan",earthquake,6.8,6.2,0.181,9,reviewed,us,us
2019-09-03T12:34:31.592Z,36.4497,70.645,201.66,4.8,mww,,33,1.35,0.79,us,us70005bfw,2019-10-21T14:30:25.040Z,"48km NNW of `Alaqahdari-ye Kiran wa Munjan, Afghanistan",earthquake,6.1,5.3,0.071,19,reviewed,us,us
2019-09-03T11:52:52.396Z,45.5087,26.2188,113.27,4.6,mb,,16,0.193,0.86,us,us70005bfn,2019-10-09T13:32:57.040Z,"12km NNW of Nehoiu, Romania",earthquake,6.4,6.9,0.062,79,reviewed,us,us
2019-09-03T03:30:09.522Z,34.7246,26.5212,41.63,4.5,mb,,109,0.973,0.92,us,us70005bbt,2019-10-08T03:53:39.040Z,"58km SSE of Palaikastron, Greece",earthquake,7.1,8,0.106,26,reviewed,us,us
2019-09-02T15:46:36.470Z,39.254,40.1372,10,4.3,mb,,51,0.812,0.75,us,us70005b6p,2019-11-15T17:21:56.040Z,"6km ENE of Yayladere, Turkey",earthquake,4.2,1.9,0.188,8,reviewed,us,us
2019-09-02T06:13:18.046Z,36.355,28.7878,10,4.6,mb,,99,0.556,0.69,us,us70005b4k,2019-11-15T17:21:49.040Z,"39km SW of OEluedeniz, Turkey",earthquake,4.5,1.8,0.245,5,reviewed,us,us
2019-09-01T20:49:46.595Z,38.7637,22.5665,10,3.8,mwr,,61,1.661,1.03,us,us70005b1c,2019-11-15T17:21:38.040Z,"9km SW of Molos, Greece",earthquake,5.8,1.8,0.075,17,reviewed,us,us
2019-09-01T00:02:39.993Z,42.808,13.0983,6.33,4.1,mwr,,30,0.028,0.83,us,us70005aqt,2019-11-15T17:21:10.040Z,"1km N of Norcia, Italy",earthquake,5.1,1.8,0.061,26,reviewed,us,us
2019-08-31T22:50:15.167Z,38.1607,74.058,185.08,4,mb,,92,3.05,0.95,us,us70005cdr,2019-11-15T17:21:08.040Z,"8km E of Murghob, Tajikistan",earthquake,7.2,11.2,0.3,3,reviewed,us,us
2019-08-31T15:58:32.529Z,36.7938,27.6682,10,3,ml,,63,0.684,1.1,us,us70005brs,2019-11-15T17:21:04.040Z,"6km NNW of Datca, Turkey",earthquake,3.9,1.3,0.085,18,reviewed,us,us
2019-08-30T22:28:33.115Z,35.9391,69.6249,131.05,4.1,mb,,81,1.474,0.71,us,us70005af3,2019-11-15T17:20:41.040Z,"46km ESE of Nahrin, Afghanistan",earthquake,7.1,15.5,0.262,4,reviewed,us,us
2019-08-30T17:21:04.367Z,37.5207,26.8245,6.15,4.5,mwr,,29,1.668,0.73,us,us70005abi,2019-11-15T17:20:39.040Z,"21km SSW of Chora, Greece",earthquake,4.3,4.3,0.08,15,reviewed,us,us
2019-08-30T15:38:14.496Z,37.4855,26.8329,10,4.6,mb,,36,1.636,0.94,us,us70005a9c,2019-11-15T17:20:37.040Z,"25km SSW of Chora, Greece",earthquake,4.2,1.9,0.065,70,reviewed,us,us
2019-08-30T13:01:36.004Z,44.6411,18.525,7.26,4.8,mb,,29,2.203,0.9,us,us70005a7c,2019-11-15T17:20:33.040Z,"6km ENE of Gnojnica, Bosnia and Herzegovina",earthquake,5.4,4.5,0.035,252,reviewed,us,us
2019-08-30T07:00:04.357Z,45.7323,26.6439,134.63,4.5,mb,,56,0.546,1.05,us,us70005a3d,2019-11-15T17:20:27.040Z,"5km WNW of Nereju, Romania",earthquake,6.8,6.2,0.15,13,reviewed,us,us
2019-08-30T02:38:51.193Z,36.9361,27.251,10,2.8,ml,,47,1.005,0.9,us,us70005a3q,2019-11-15T17:20:22.040Z,"5km NW of Kos, Greece",earthquake,4.1,1.4,0.091,16,reviewed,us,us
2019-08-29T23:33:04.261Z,37.2757,71.5541,108.92,4.3,mb,,74,0.267,0.59,us,us700059yv,2019-11-15T17:20:21.040Z,"23km S of Khorugh, Tajikistan",earthquake,6,5.5,0.116,21,reviewed,us,us
2019-08-29T02:24:46.391Z,35.6339,70.0143,28.11,4.5,mb,,91,1.35,0.96,us,us700059gf,2019-11-15T17:19:51.040Z,"57km NE of Bazarak, Afghanistan",earthquake,4.9,6.5,0.104,27,reviewed,us,us
2019-08-29T00:50:11.537Z,51.6276,16.1894,5,4.1,mb,,84,2.018,0.85,us,us700059f0,2019-11-15T17:19:46.040Z,"3km NNE of Grebocice, Poland",earthquake,5.8,1.9,0.165,10,reviewed,us,us
2019-08-28T22:45:00.868Z,30.8691,50.1244,10,4,mb,,74,2.745,0.69,us,us70005bjg,2019-11-15T17:19:42.040Z,"32km NNW of Behbahan, Iran",earthquake,5.3,1.9,0.126,17,reviewed,us,us
2019-08-28T19:35:00.502Z,31.263,66.6489,10,4,mb,,150,3.839,0.75,us,us700059ab,2019-11-15T17:19:33.040Z,"42km NNE of Chaman, Pakistan",earthquake,10,2,0.196,7,reviewed,us,us
2019-08-28T15:31:46.798Z,35.6955,27.7097,17.79,4.2,mb,,100,0.47,0.91,us,us7000595w,2019-11-15T17:19:20.040Z,"49km ENE of Karpathos, Greece",earthquake,3.2,4.3,0.142,14,reviewed,us,us
2019-08-28T15:08:49.664Z,35.6803,27.721,12.81,4,mb,,100,0.475,1.05,us,us7000595p,2019-11-15T17:19:19.040Z,"49km ENE of Karpathos, Greece",earthquake,3.6,6.1,0.196,7,reviewed,us,us
2019-08-28T11:58:18.490Z,35.6836,27.636,10,4.9,mww,,42,0.41,1.03,us,us7000594r,2019-11-15T17:19:15.040Z,"43km ENE of Karpathos, Greece",earthquake,5.6,1.8,0.08,15,reviewed,us,us
2019-08-28T04:19:01.793Z,36.5601,70.7369,183.6,4.5,mb,,70,1.217,0.71,us,us70005913,2019-11-15T17:19:05.040Z,"34km SSW of Jarm, Afghanistan",earthquake,6.8,7.1,0.071,58,reviewed,us,us
2019-08-27T20:05:30.346Z,27.946,56.6744,10,4.2,mb,,76,3.018,0.78,us,us700058wf,2019-11-15T17:18:57.040Z,"92km NNE of Bandar 'Abbas, Iran",earthquake,7.4,1.9,0.103,32,reviewed,us,us
2019-08-27T11:30:09.328Z,36.4786,70.6641,200.07,4.3,mb,,73,1.317,0.97,us,us700058q6,2019-11-15T17:18:48.040Z,"45km SSW of Jarm, Afghanistan",earthquake,6.7,6,0.106,25,reviewed,us,us
2019-08-27T09:57:51.030Z,28.9012,86.4476,10,4.5,mb,,88,0.992,1.18,us,us70005bgh,2019-11-15T17:18:47.040Z,"68km WNW of Xegar, China",earthquake,4.3,1.9,0.094,33,reviewed,us,us
2019-08-27T06:24:40.425Z,38.1446,23.6357,10,4.5,mb,,64,1.665,1.18,us,us700058nq,2019-11-15T17:18:45.040Z,"5km NNW of Fili, Greece",earthquake,6,1.9,0.204,7,reviewed,us,us
2019-08-27T04:31:21.505Z,35.6238,27.6984,10,4.4,mb,,47,0.444,0.88,us,us700058n0,2019-11-15T17:18:42.040Z,"45km ENE of Karpathos, Greece",earthquake,5,1.9,0.078,47,reviewed,us,us
2019-08-26T23:30:39.128Z,37.5445,72.2579,215.46,4.2,mb,,130,0.475,0.63,us,us700058l2,2019-11-08T22:13:50.040Z,"49km NE of Roshtqal'a, Tajikistan",earthquake,6.4,14,0.305,3,reviewed,us,us
2019-08-26T10:21:29.744Z,14.8792,52.2773,10,4.2,mb,,136,9.767,1.38,us,us70005a9r,2019-11-08T22:13:56.040Z,"81km SSE of Haswayn, Yemen",earthquake,8.8,1.8,0.374,2,reviewed,us,us
2019-08-25T18:42:26.586Z,40.0664,32.7625,2.44,3.3,ml,,67,0.199,0.32,us,us7000591g,2019-11-08T22:13:51.040Z,"11km NNE of Batikent, Turkey",earthquake,3.1,11.1,0.091,16,reviewed,us,us
2019-08-24T05:50:08.536Z,30.6928,87.8718,10,4.1,mb,,90,2.877,0.37,us,us700059sn,2019-11-08T22:13:53.040Z,"77km WSW of Jiajuedibu, China",earthquake,6.8,1.9,0.135,15,reviewed,us,us
2019-08-23T19:01:10.271Z,26.2662,65.9524,10,4.1,mb,,208,7.305,0.68,us,us700057n6,2019-11-08T22:13:44.040Z,"36km W of Bela, Pakistan",earthquake,7.9,2,0.15,14,reviewed,us,us
2019-08-23T14:27:12.255Z,51.6527,75.2464,10,4.6,mb,,63,2.321,0.69,us,us700057jq,2019-11-08T22:13:44.040Z,"8km W of Ekibastuz, Kazakhstan",earthquake,8.6,1.9,0.136,16,reviewed,us,us
2019-08-23T11:40:54.429Z,36.4549,3.4372,10,4.3,mb,,147,3.727,0.5,us,us700057im,2019-11-08T22:13:44.040Z,"18km SW of Lakhdaria, Algeria",earthquake,8.8,2,0.177,9,reviewed,us,us
2019-08-21T20:10:50.400Z,36.3898,69.3398,42.93,5,mb,,48,1.522,0.94,us,us700056qp,2019-11-08T22:13:38.040Z,"38km SSE of Khanabad, Afghanistan",earthquake,5.1,6.9,0.032,305,reviewed,us,us
2019-08-21T10:22:41.479Z,36.4833,71.2686,104.1,4.1,mb,,107,1.09,0.62,us,us600057vp,2019-11-08T22:13:37.040Z,"32km SW of Ashkasham, Afghanistan",earthquake,7.5,4,0.185,8,reviewed,us,us
2019-08-20T09:34:54.966Z,36.2128,31.1457,59.39,4.4,mwr,,107,1.705,0.86,us,us600057cy,2019-11-08T22:13:35.040Z,"64km ESE of Tekirova, Turkey",earthquake,5,7.5,0.098,10,reviewed,us,us
2019-08-20T00:55:47.432Z,33.759,86.9172,10,4.1,mb,,109,5.782,0.42,us,us600057aq,2019-11-08T22:13:34.040Z,"Western Xizang",earthquake,5.5,2,0.15,12,reviewed,us,us
2019-08-19T13:14:43.406Z,45.0476,79.8403,16.38,4.5,mb,,88,2.432,0.65,us,us600056yp,2019-11-02T15:26:17.040Z,"40km S of Sarkand, Kazakhstan",earthquake,6.1,5.2,0.221,8,reviewed,us,us
2019-08-17T23:07:48.184Z,44.2015,79.7916,27.02,4.4,mb,,49,1.98,0.9,us,us600056ik,2019-11-02T15:26:12.040Z,"17km WNW of Zharkent, Kazakhstan",earthquake,6.3,6.2,0.134,16,reviewed,us,us
2019-08-17T21:35:13.033Z,38.82,14.7096,284.13,4.1,mb,,62,1.083,0.99,us,us600056hr,2019-11-02T15:26:12.040Z,"44km NNW of Lipari, Italy",earthquake,8,6.1,0.15,12,reviewed,us,us
2019-08-17T02:22:08.151Z,37.2943,20.4285,10,4.6,mb,,153,1.2,0.92,us,us600056b3,2019-11-02T15:26:10.040Z,"58km SW of Lithakia, Greece",earthquake,2.3,1.9,0.164,11,reviewed,us,us
2019-08-16T20:18:30.431Z,27.8226,50.877,10,4.1,mb,,108,5.57,0.71,us,us700058el,2019-11-02T15:26:22.040Z,"127km S of Bandar Bushehr, Iran",earthquake,8.8,1.9,0.165,11,reviewed,us,us
2019-08-16T11:31:26.296Z,33.6666,46.9129,10,4,mb,,106,1.751,0.54,us,us700058e7,2019-11-02T15:26:22.040Z,"45km E of Ilam, Iran",earthquake,10,1.9,0.144,13,reviewed,us,us
2019-08-16T10:55:07.062Z,37.919,46.7098,10,4.3,mb,,91,2.49,0.9,us,us600055wp,2019-11-02T15:26:09.040Z,"40km ESE of Tabriz, Iran",earthquake,7.3,1.9,0.092,33,reviewed,us,us
2019-08-16T02:09:20.364Z,36.4389,70.693,207.71,5.1,mww,,38,1.336,0.8,us,us600055rs,2019-11-02T15:26:08.040Z,"46km N of `Alaqahdari-ye Kiran wa Munjan, Afghanistan",earthquake,6.8,4.6,0.08,15,reviewed,us,us
2019-08-13T23:31:09.555Z,34.936,56.5498,10,4.1,mb,,100,9.707,0.61,us,us600057iy,2019-11-02T15:26:19.040Z,"152km NNW of Tabas, Iran",earthquake,7.1,2,0.158,11,reviewed,us,us
2019-08-13T22:57:19.991Z,37.666,72.066,136.76,4.1,mb,,120,0.349,0.78,us,us600054sq,2019-11-02T15:26:05.040Z,"46km ENE of Shughnon, Tajikistan",earthquake,7.9,5.3,0.126,17,reviewed,us,us
2019-08-13T21:11:21.475Z,35.6606,23.4452,31.34,4.5,mb,,61,1.236,1.09,us,us600054r0,2019-11-02T15:26:04.040Z,"25km NNW of Platanos, Greece",earthquake,5.9,4.9,0.077,49,reviewed,us,us
2019-08-13T11:17:18.562Z,44.5526,9.8945,10,4.6,mb,,27,0.365,0.77,us,us600054gs,2019-11-02T15:26:03.040Z,"9km WNW of Berceto, Italy",earthquake,3.3,1.9,0.091,36,reviewed,us,us
2019-08-13T02:58:49.628Z,36.6307,70.9994,196.03,4.4,mb,,103,1.041,0.46,us,us600054df,2019-11-02T15:26:02.040Z,"29km SSE of Jarm, Afghanistan",earthquake,8,7.3,0.154,12,reviewed,us,us
2019-08-12T23:38:53.864Z,35.2278,27.7438,10,4,mb,,150,0.572,1.29,us,us600054bg,2019-10-29T20:34:10.040Z,"57km ESE of Karpathos, Greece",earthquake,6.3,1.9,0.101,26,reviewed,us,us
2019-08-12T17:14:44.653Z,40.8574,73.3947,10,4.6,mb,,84,0.56,0.94,us,us6000543c,2019-10-29T20:34:07.040Z,"12km NE of Uzgen, Kyrgyzstan",earthquake,4.7,1.9,0.084,42,reviewed,us,us
2019-08-12T16:30:51.136Z,36.0168,82.1106,10,4.1,mb,,102,6.618,0.87,us,us6000570p,2019-10-29T20:34:07.040Z,"229km ESE of Hotan, China",earthquake,9.4,1.9,0.197,7,reviewed,us,us
2019-08-12T15:37:09.778Z,41.8621,20.1232,10,4.4,mb,,39,0.856,0.64,us,us6000541e,2019-10-29T20:34:07.040Z,"9km NNE of Kurbnesh, Albania",earthquake,5.1,1.9,0.269,6,reviewed,us,us
2019-08-12T13:36:58.537Z,25.5523,67.8239,10,4.5,mb,,120,8.69,0.86,us,us60005403,2019-10-29T20:34:06.040Z,"48km WNW of Jamshoro, Pakistan",earthquake,7.2,1.9,0.106,26,reviewed,us,us
2019-08-12T13:34:28.371Z,38.2621,40.9106,9.75,4.1,mb,,55,0.927,0.72,us,us600053zz,2019-10-29T20:34:06.040Z,"11km E of Hazro, Turkey",earthquake,4.9,4.8,0.131,16,reviewed,us,us
2019-08-12T07:57:07.017Z,35.8818,25.6113,71.43,4.5,mb,,42,0.834,0.67,us,us600053xb,2019-10-29T20:34:03.040Z,"54km SSE of Emporeio, Greece",earthquake,5.4,7,0.062,76,reviewed,us,us
2019-08-11T07:02:49.770Z,34.3087,25.0038,10,5,mb,,63,0.981,0.87,us,us600053n2,2019-10-29T20:33:58.040Z,"77km S of Pirgos, Greece",earthquake,7.6,1.9,0.033,287,reviewed,us,us
2019-08-11T03:29:20.262Z,41.6062,46.6978,10,4.3,mb,,87,2.079,1.25,us,us600053lr,2019-10-29T20:33:58.040Z,"5km SE of Zaqatala, Azerbaijan",earthquake,5.4,1.9,0.093,33,reviewed,us,us
2019-08-10T07:35:10.280Z,41.6599,46.6057,10,4.9,mb,,45,2.068,0.48,us,us600053bb,2019-10-29T20:33:54.040Z,"4km NW of Zaqatala, Azerbaijan",earthquake,7.8,1.9,0.057,95,reviewed,us,us
2019-08-10T06:43:12.326Z,37.1698,71.5345,110.74,5.3,mww,,56,0.373,0.65,us,us600053at,2019-10-29T20:33:53.040Z,"27km WSW of Roshtqal'a, Tajikistan",earthquake,6.7,6.9,0.078,16,reviewed,us,us
2019-08-09T21:39:42.315Z,37.2716,21.1696,10,4.5,mwr,,99,0.61,0.79,us,us6000535k,2019-10-29T20:33:51.040Z,"39km WNW of Filiatra, Greece",earthquake,7.3,1.9,0.068,21,reviewed,us,us
2019-08-09T19:56:56.559Z,36.7186,71.1847,239.57,4.2,mb,,69,0.894,0.87,us,us60005607,2019-10-29T20:33:50.040Z,"31km W of Ashkasham, Afghanistan",earthquake,5.5,6.8,0.136,15,reviewed,us,us
2019-08-09T12:41:13.913Z,28.4321,83.3273,10,4.4,mb,,101,8.124,0.57,us,us600055zw,2019-10-29T20:33:49.040Z,"31km NW of Baglung, Nepal",earthquake,11.5,1.9,0.13,17,reviewed,us,us
2019-08-08T18:04:07.558Z,38.3539,75.0673,119.56,4.3,mb,,141,2.816,0.82,us,us600052f5,2019-10-29T20:33:44.040Z,"98km ENE of Murghob, Tajikistan",earthquake,4,11.7,0.169,10,reviewed,us,us
2019-08-08T15:43:36.159Z,34.6915,23.1142,23.88,4.3,mb,,173,1.574,1.32,us,us600055vx,2019-10-29T20:33:44.040Z,"79km SW of Palaiochora, Greece",earthquake,8.5,8.1,0.102,28,reviewed,us,us
2019-08-08T11:25:31.104Z,37.935,29.7003,11,5.9,mww,,25,0.646,0.96,us,us6000529r,2019-10-29T20:33:43.040Z,"9km ESE of Baklan, Turkey",earthquake,4.7,1.7,0.039,64,reviewed,us,us
2019-08-08T11:19:37.395Z,37.9404,29.6497,10,4.3,mb,,74,0.687,0.78,us,us6000529q,2019-10-29T20:33:43.040Z,"5km SE of Baklan, Turkey",earthquake,6.2,1.9,0.177,9,reviewed,us,us
2019-08-08T08:39:08.691Z,37.9858,26.8923,10,4.7,mb,,37,1.405,0.71,us,us6000528z,2019-10-29T20:33:43.040Z,"23km SSE of Seferihisar, Turkey",earthquake,4.3,1.9,0.068,65,reviewed,us,us
2019-08-08T06:42:46.037Z,36.5319,70.7902,193.1,4.3,mb,,72,1.215,0.71,us,us6000528g,2019-10-29T20:33:43.040Z,"37km S of Jarm, Afghanistan",earthquake,4.8,7.8,0.114,22,reviewed,us,us
2019-08-08T00:45:26.713Z,36.5272,70.0571,226,5.8,mww,,12,1.627,0.74,us,us60005247,2019-10-29T20:33:42.040Z,"18km ESE of Farkhar, Afghanistan",earthquake,6.2,1.8,0.053,34,reviewed,us,us
2019-08-06T07:02:42.378Z,36.4177,71.0278,230.57,4.3,mb,,80,1.22,0.55,us,us600054z6,2019-10-29T20:33:37.040Z,"48km NNE of `Alaqahdari-ye Kiran wa Munjan, Afghanistan",earthquake,4.6,7.9,0.187,8,reviewed,us,us
2019-08-06T01:46:54.749Z,37.0591,21.9638,10,4.3,mb,,79,0.123,0.95,us,us60005146,2019-10-29T20:33:37.040Z,"4km WNW of Messini, Greece",earthquake,2.2,1.9,0.189,8,reviewed,us,us
2019-08-05T21:05:08.738Z,45.8069,26.6398,61.3,4.4,mb,,37,0.58,1.27,us,us6000510u,2019-10-19T21:42:14.040Z,"6km WNW of Paltin, Romania",earthquake,6.2,8.3,0.107,25,reviewed,us,us
2019-08-05T04:37:35.573Z,33.9511,-11.501,10,4,ml,,159,3.472,0.42,us,us600054m1,2019-10-19T21:42:22.040Z,"279km NW of Safi, Morocco",earthquake,4.2,2,0.115,10,reviewed,us,us
2019-08-04T19:51:16.008Z,30.5857,50.8453,7.72,5.4,mb,,42,6.245,0.89,us,us600050lk,2019-11-13T20:00:29.926Z,"25km N of Do Gonbadan, Iran",earthquake,7.4,1.8,0.036,267,reviewed,us,us
2019-08-04T19:04:54.307Z,36.6761,71.2747,226.29,5.1,mww,,43,0.906,0.9,us,us600050ld,2019-10-19T21:42:10.040Z,"23km W of Ashkasham, Afghanistan",earthquake,6.9,4.4,0.065,23,reviewed,us,us
2019-08-04T12:45:47.135Z,37.7831,72.0645,118.1,4.3,mb,,78,0.408,0.5,us,us600050jk,2019-10-19T21:42:09.040Z,"52km NE of Shughnon, Tajikistan",earthquake,4.1,7.4,0.148,13,reviewed,us,us
2019-08-04T12:31:52.265Z,44.89,79.3059,10,4.3,mb,,74,2.477,0.72,us,us600050jf,2019-10-19T21:42:09.040Z,"38km E of Tekeli, Kazakhstan",earthquake,5.6,1.9,0.137,15,reviewed,us,us
2019-08-03T21:15:00.184Z,36.869,70.7455,54.5,4,mb,,78,0.984,1.46,us,us600050b4,2019-10-19T21:42:08.040Z,"7km W of Jarm, Afghanistan",earthquake,5.8,19.1,0.259,4,reviewed,us,us
2019-08-03T17:17:09.021Z,38.181,22.8804,10,4.1,mb,,67,1.255,0.99,us,us6000507p,2019-10-19T21:42:08.040Z,"11km SW of Korini, Greece",earthquake,3.8,1.9,0.145,14,reviewed,us,us
2019-08-03T09:51:24.191Z,35.2241,27.845,10,5.1,mww,,49,0.645,0.84,us,us6000504d,2019-10-19T21:42:07.040Z,"65km ESE of Karpathos, Greece",earthquake,6,1.8,0.051,37,reviewed,us,us
2019-08-03T08:09:15.191Z,38.786,70.1161,10,4.5,mb,,93,0.264,0.64,us,us60005039,2019-10-19T21:42:06.040Z,"15km SE of Komsomolobod, Tajikistan",earthquake,4.8,1.9,0.205,7,reviewed,us,us
2019-08-03T04:30:26.484Z,36.4999,70.2751,198.63,4.2,mb,,95,1.511,0.89,us,us60005028,2019-10-19T21:42:06.040Z,"38km ESE of Farkhar, Afghanistan",earthquake,7.4,11.6,0.2,7,reviewed,us,us
2019-08-03T00:26:06.921Z,34.5931,46.2472,10,4.2,mb,,69,0.678,0.76,us,us60004zzk,2019-10-19T21:42:06.040Z,"33km SW of Javanrud, Iran",earthquake,6.3,2,0.098,29,reviewed,us,us
2019-07-31T20:20:49.927Z,33.177,47.4846,10,4.3,mb,,58,2.425,1.25,us,us60004y79,2019-10-19T21:42:02.040Z,"21km NNE of Abdanan, Iran",earthquake,6.2,1.9,0.09,35,reviewed,us,us
2019-07-31T14:21:21.248Z,40.5335,20.7484,10,4.6,mww,,42,0.543,0.87,us,us60004xyi,2019-10-19T21:42:01.040Z,"9km SSW of Korce, Albania",earthquake,4.9,1.9,0.083,14,reviewed,us,us
2019-07-31T04:40:04.148Z,35.3942,24.9649,75.22,4.9,mww,,43,0.122,0.91,us,us60004xsg,2019-10-19T21:42:00.040Z,"11km NW of Gazion, Greece",earthquake,6.9,3.9,0.066,22,reviewed,us,us
2019-07-30T13:18:10.883Z,37.4452,20.4517,19.45,4.4,mb,,150,1.204,0.42,us,us600051un,2019-10-19T21:42:15.040Z,"45km SW of Mouzaki, Greece",earthquake,3.1,7.4,0.309,5,reviewed,us,us
2019-07-30T10:36:21.175Z,37.3853,20.3283,10,4.5,mb,,57,1.29,0.87,us,us60004xcs,2019-10-19T21:41:59.040Z,"57km SW of Mouzaki, Greece",earthquake,6.4,1.9,0.083,43,reviewed,us,us
2019-07-29T20:47:09.847Z,34.3828,45.644,10,4.7,mb,,115,0.735,0.81,us,us600051fm,2019-10-11T20:12:50.040Z,"21km WSW of Sarpol-e Zahab, Iran",earthquake,5.9,1.9,0.159,12,reviewed,us,us
2019-07-29T19:55:44.017Z,36.56,70.8412,210.76,4.3,mb,,84,1.169,0.8,us,us60004x46,2019-10-11T20:12:50.040Z,"33km S of Jarm, Afghanistan",earthquake,4,10.1,0.16,11,reviewed,us,us
2019-07-29T04:18:10.297Z,37.8967,20.6085,10,3.2,ml,,138,1.268,0.84,us,us60004wxd,2019-10-11T20:12:48.040Z,"15km WNW of Katastarion, Greece",earthquake,6.5,2,0.077,22,reviewed,us,us
2019-07-29T03:33:52.069Z,32.8856,76.7183,10,4.4,mb,,164,2.989,0.93,us,us60004wwv,2019-10-11T20:12:47.040Z,"44km NW of Kyelang, India",earthquake,8.6,1.8,0.085,40,reviewed,us,us
2019-07-28T23:06:36.673Z,37.3434,71.9534,192.45,4.2,mb,,84,0.298,0.56,us,us60004wvf,2019-10-11T20:12:47.040Z,"14km NE of Roshtqal'a, Tajikistan",earthquake,3.8,4.7,0.103,26,reviewed,us,us
2019-07-28T21:25:03.314Z,22.5443,86.4405,10,4.5,mb,,182,4.808,0.86,us,us60004wux,2019-10-11T20:12:46.040Z,"3km NNW of Mushabani, India",earthquake,6.4,1.9,0.118,21,reviewed,us,us
2019-07-28T16:09:08.583Z,38.1365,23.5514,10,4.6,mb,,65,1.606,0.93,us,us60004wsq,2019-10-11T20:12:45.040Z,"6km NNE of Magoula, Greece",earthquake,5.3,1.9,0.091,36,reviewed,us,us
2019-07-27T17:24:03.826Z,36.4757,70.8799,121.78,4.3,mb,,74,1.223,1.1,us,us60004wiz,2019-10-11T20:12:42.040Z,"43km S of Jarm, Afghanistan",earthquake,5.1,7,0.092,33,reviewed,us,us
2019-07-27T06:56:45.377Z,36.5337,71.3439,117.39,4.8,mb,,73,1.026,0.79,us,us60004wej,2019-10-11T20:12:39.040Z,"23km SW of Ashkasham, Afghanistan",earthquake,6.9,6.8,0.053,108,reviewed,us,us
2019-07-26T21:00:04.207Z,41.8721,66.0419,10,4.6,mb,,68,3.523,0.59,us,us60004w5t,2019-10-11T20:12:37.040Z,"119km E of Tomdibuloq, Uzbekistan",earthquake,7.6,1.9,0.052,111,reviewed,us,us
2019-07-26T13:00:15.119Z,36.7478,68.3806,27.35,4.6,mb,,54,0.838,0.84,us,us60004vup,2019-10-11T20:12:35.040Z,"42km W of Kunduz, Afghanistan",earthquake,5.3,4.7,0.088,38,reviewed,us,us
2019-07-26T11:45:12.224Z,31.9141,55.6066,10,4.3,mb,,49,6.963,0.73,us,us60004vua,2019-10-11T20:12:35.040Z,"38km NNE of Bafq, Iran",earthquake,6.6,1.9,0.089,36,reviewed,us,us
2019-07-26T04:07:55.294Z,38.7695,17.9155,10,4.3,mb,,123,0.99,0.96,us,us60004vqh,2019-10-11T20:12:33.040Z,"74km ESE of Isola Capo Rizzuto, Italy",earthquake,4.2,1.8,0.188,8,reviewed,us,us
2019-07-25T23:00:44.212Z,33.9937,71.7561,10,4.2,mb,,180,1.304,0.83,us,us60004ymn,2019-10-11T20:12:31.040Z,"4km WSW of Pabbi, Pakistan",earthquake,7.4,2,0.305,3,reviewed,us,us
2019-07-24T21:03:23.693Z,37.2454,36.0319,20.63,4.1,mb,,85,0.943,0.89,us,us60004v3j,2019-10-11T20:12:27.040Z,"15km SSW of Kadirli, Turkey",earthquake,3.8,7.3,0.234,5,reviewed,us,us
2019-07-24T19:33:09.919Z,19.578,72.508,10,4.1,mb,,158,12.746,1.39,us,us600055sf,2019-10-11T20:12:27.040Z,"24km SW of Shirgaon, India",earthquake,12.5,2,0.145,13,reviewed,us,us
2019-07-24T19:21:27.674Z,32.32,66.6175,12.92,4.5,mb,,119,3.003,1.07,us,us60004v0t,2019-10-11T20:12:27.040Z,"36km NW of Qalat, Afghanistan",earthquake,8.8,4.5,0.073,55,reviewed,us,us
2019-07-24T19:17:11.840Z,32.7286,76.3907,10,4.2,mb,,169,2.774,0.84,us,us60004v0j,2019-10-11T20:12:27.040Z,"30km NE of Chamba, India",earthquake,12,1.9,0.214,6,reviewed,us,us
2019-07-22T22:59:02.026Z,26.759,55.0084,10,5,mww,,69,2.103,0.7,us,us70004qwn,2019-10-04T16:37:39.040Z,"25km NNE of Bandar-e Lengeh, Iran",earthquake,7.7,1.8,0.086,13,reviewed,us,us
2019-07-22T12:32:16.035Z,42.8241,87.6672,10,4.8,mb,,70,5.49,0.8,us,us70004qfy,2019-10-04T16:37:37.040Z,"15km S of Ewirgol, China",earthquake,9,1.9,0.075,56,reviewed,us,us
2019-07-21T16:59:55.082Z,37.3423,71.9375,198.95,4.4,mb,,58,0.289,0.48,us,us70004q4j,2019-10-04T16:37:32.040Z,"13km NE of Roshtqal'a, Tajikistan",earthquake,7.9,5.1,0.143,16,reviewed,us,us
2019-07-21T14:53:08.025Z,37.6808,20.3549,10,4.6,mb,,139,1.346,0.38,us,us70004q2p,2019-10-04T16:37:32.040Z,"40km WSW of Katastarion, Greece",earthquake,4.9,1.7,0.165,11,reviewed,us,us
2019-07-21T09:07:54.672Z,43.4894,19.1063,10,4.2,mb,,49,1.065,0.77,us,us70004pzv,2019-10-04T16:37:30.040Z,"8km SSE of Cajnice, Bosnia and Herzegovina",earthquake,6,2,0.167,10,reviewed,us,us
2019-07-21T08:24:28.493Z,33.0476,48.853,10,4.3,mb,,60,3.319,0.57,us,us70004pzf,2019-10-04T16:37:30.040Z,"62km S of Azna, Iran",earthquake,5.4,1.8,0.081,43,reviewed,us,us
2019-07-21T07:05:30.372Z,44.6824,18.4431,10,4.2,mb,,39,2.137,0.64,us,us70004pyw,2019-10-04T16:37:30.040Z,"4km SW of Srebrenik, Bosnia and Herzegovina",earthquake,6,1.9,0.107,24,reviewed,us,us
2019-07-20T03:46:50.743Z,37.5854,20.6727,10,2.6,ml,,176,1.077,1.23,us,us70004pjq,2019-10-04T16:37:25.040Z,"20km SW of Mouzaki, Greece",earthquake,5.7,2,0.085,18,reviewed,us,us
2019-07-19T15:41:42.082Z,36.463,70.175,228.58,4.3,mb,,89,1.596,1.12,us,us70004nya,2019-10-04T16:37:21.040Z,"30km ESE of Farkhar, Afghanistan",earthquake,8.1,11,0.266,4,reviewed,us,us
2019-07-19T12:11:54.206Z,38.1021,23.655,10,4.2,mwr,,67,1.653,0.98,us,us70004ntu,2019-10-04T16:37:20.040Z,"1km WNW of Fili, Greece",earthquake,4.7,1.9,0.093,11,reviewed,us,us
2019-07-19T11:42:19.195Z,38.1367,23.5848,10,4.3,mb,,66,1.627,0.68,us,us60004vxr,2019-10-04T16:37:20.040Z,"7km N of Aspropirgos, Greece",earthquake,5.4,1.9,0.188,8,reviewed,us,us
2019-07-19T11:13:15.693Z,38.0951,23.5251,10,5.3,mww,,35,1.565,0.67,us,us70004nt3,2019-10-09T18:19:46.377Z,"1km NNE of Magoula, Greece",earthquake,4.5,1.8,0.05,39,reviewed,us,us
2019-07-19T01:33:45.003Z,35.933,31.0864,74.44,4.4,mb,,113,1.236,0.86,us,us70004nlq,2019-10-04T16:37:18.040Z,"80km SE of Tekirova, Turkey",earthquake,5.2,9.3,0.123,19,reviewed,us,us
2019-07-17T22:45:34.956Z,30.9803,48.7041,10,4.3,mb,,71,1.638,0.61,us,us70004mqv,2019-10-04T16:37:11.040Z,"36km N of Shadegan, Iran",earthquake,7.7,1.9,0.097,30,reviewed,us,us
2019-07-17T15:19:32.703Z,34.3355,45.6504,10,4.5,mb,,45,2.672,0.93,us,us70004m8g,2019-10-04T16:37:09.040Z,"23km SW of Sarpol-e Zahab, Iran",earthquake,6.8,1.9,0.081,45,reviewed,us,us
2019-07-17T02:42:16.392Z,36.1201,70.4171,171.16,4,mb,,93,1.724,0.37,us,us70004lzx,2019-10-04T16:37:05.040Z,"33km WNW of `Alaqahdari-ye Kiran wa Munjan, Afghanistan",earthquake,4.8,18.4,0.366,2,reviewed,us,us
2019-07-16T23:49:10.626Z,14.5606,56.2176,10,4.7,mb,,139,8.929,0.9,us,us70004ly5,2019-10-04T16:37:04.040Z,"Owen Fracture Zone region",earthquake,5.8,1.9,0.086,41,reviewed,us,us
2019-07-16T18:15:26.144Z,28.4389,56.8105,10,4.3,mb,,78,3.521,0.96,us,us70004llj,2019-10-04T16:37:03.040Z,"92km S of Kuh Sefid, Iran",earthquake,4.4,1.9,0.079,50,reviewed,us,us
2019-07-16T16:21:04.552Z,28.4173,56.761,10,4.5,mb,,73,3.493,0.88,us,us70004lh0,2019-10-04T16:37:03.040Z,"95km S of Kuh Sefid, Iran",earthquake,6.3,1.8,0.061,80,reviewed,us,us
2019-07-16T12:02:26.976Z,27.6805,53.2588,10,4.5,mb,,73,3.795,0.66,us,us70004lbp,2019-10-04T16:37:02.040Z,"86km W of Gerash, Iran",earthquake,7.2,1.8,0.062,76,reviewed,us,us
2019-07-16T10:45:37.270Z,40.1346,71.2084,10,4.6,mb,,67,0.796,0.81,us,us70004lag,2019-10-04T16:37:02.040Z,"24km NNW of Khaydarkan, Kyrgyzstan",earthquake,3.1,1.9,0.054,101,reviewed,us,us
2019-07-15T20:51:13.138Z,32.7927,50.3548,10,4.4,mb,,263,2.794,0.98,us,us60004uur,2019-09-28T20:00:42.040Z,"27km SE of Fereydunshahr, Iran",earthquake,13.4,2,0.138,15,reviewed,us,us
2019-07-15T08:50:53.663Z,40.1382,71.1341,10,4.4,mb,,58,0.255,0.6,us,us70004kgc,2019-09-28T20:01:25.040Z,"27km NW of Khaydarkan, Kyrgyzstan",earthquake,4.6,1.9,0.087,38,reviewed,us,us
2019-07-15T08:44:12.674Z,38.2808,20.458,10,4.3,mb,,138,1.52,1.2,us,us70004kge,2019-09-28T20:01:25.040Z,"9km NNE of Lixourion, Greece",earthquake,4.4,2,0.177,9,reviewed,us,us
2019-07-15T00:15:27.756Z,40.4007,41.7754,10,4.4,mwr,,41,1.027,1.03,us,us70004k9a,2019-09-28T20:01:24.040Z,"10km NW of Narman, Turkey",earthquake,6.2,1.9,0.069,20,reviewed,us,us
2019-07-14T22:25:54.113Z,35.0886,81.1262,10,4.3,mb,,108,6.654,0.91,us,us70004k7v,2019-09-28T20:01:24.040Z,"230km NE of Rutog, China",earthquake,5.3,1.9,0.125,18,reviewed,us,us
2019-07-14T18:34:46.103Z,36.6971,71.1981,230.06,4.2,mb,,72,0.909,0.83,us,us70004k5m,2019-09-28T20:01:23.040Z,"29km W of Ashkasham, Afghanistan",earthquake,8.8,7,0.2,7,reviewed,us,us
2019-07-14T13:12:26.041Z,34.6609,25.4131,46.11,4.3,mb,,131,0.758,1.07,us,us70004k2r,2019-09-28T20:01:22.040Z,"44km SSE of Pirgos, Greece",earthquake,7.8,8.1,0.09,35,reviewed,us,us
2019-07-14T11:31:04.380Z,36.595,69.7891,169.72,4.1,mb,,91,1.645,0.66,us,us70004k1b,2019-09-28T20:01:22.040Z,"6km WNW of Farkhar, Afghanistan",earthquake,7.7,9.9,0.135,15,reviewed,us,us
2019-07-14T10:59:18.407Z,40.2564,21.7985,10,4.5,mb,,70,0.612,0.91,us,us70004k0i,2019-09-28T20:01:21.040Z,"1km SW of Krokos, Greece",earthquake,4.1,1.9,0.122,20,reviewed,us,us
2019-07-14T10:50:13.513Z,40.2203,21.8652,10,4.9,mb,,43,0.67,0.75,us,us70004k08,2019-09-28T20:01:21.040Z,"3km ESE of Ano Komi, Greece",earthquake,4.9,1.9,0.074,57,reviewed,us,us
2019-07-13T21:40:33.749Z,36.5025,71.1465,233.8,4.3,mb,,74,1.104,0.71,us,us70004jsg,2019-09-28T20:01:19.040Z,"40km WSW of Ashkasham, Afghanistan",earthquake,6.5,7.8,0.142,14,reviewed,us,us
2019-07-13T21:12:18.371Z,38.0628,-0.8929,10,3,mb_lg,,126,0.482,0.42,us,us70004l19,2019-09-28T20:01:26.040Z,"0km E of Bigastro, Spain",earthquake,4.8,2,0.193,7,reviewed,us,us
2019-07-13T15:08:40.979Z,38.8183,21.2212,10,4.7,mb,,101,1.421,1.26,us,us70004jl5,2019-09-28T20:01:19.040Z,"5km ENE of Stanos, Greece",earthquake,5.7,1.9,0.08,48,reviewed,us,us
2019-07-13T09:56:35.400Z,37.0991,5.7497,10,4.9,mww,,54,3.025,0.57,us,us70004jiv,2019-09-28T20:01:18.040Z,"30km N of Jijel, Algeria",earthquake,6.5,1.8,0.065,23,reviewed,us,us
2019-07-13T02:16:15.603Z,36.5367,70.8566,176.97,4.5,mb,,45,1.181,0.89,us,us70004jg3,2019-09-28T20:01:17.040Z,"36km S of Jarm, Afghanistan",earthquake,6.5,5.8,0.039,191,reviewed,us,us
2019-07-12T19:08:49.968Z,36.5729,71.0706,244.97,4.2,mb,,128,1.065,1.18,us,us70004j79,2019-09-28T20:01:16.040Z,"38km SSE of Jarm, Afghanistan",earthquake,10.7,6.7,0.216,6,reviewed,us,us
2019-07-12T01:11:48.437Z,39.3397,20.6076,10,4.4,mb,,95,0.729,1.11,us,us70004iqc,2019-09-28T20:01:13.040Z,"11km N of Kanallakion, Greece",earthquake,5.5,1.9,0.162,11,reviewed,us,us
2019-07-10T22:57:13.422Z,34.9324,24.364,26.61,4.7,mb,,62,0.558,0.89,us,us70004heq,2019-09-28T20:01:08.040Z,"34km WSW of Ayia Galini, Greece",earthquake,6.9,5.1,0.056,96,reviewed,us,us
2019-07-10T20:40:27.295Z,31.7642,49.1873,10,4.2,mb,,141,1.713,0.45,us,us70004p0e,2019-09-28T20:01:28.040Z,"22km SSW of Masjed Soleyman, Iran",earthquake,9,2,0.187,8,reviewed,us,us
2019-07-10T10:56:25.291Z,36.9842,43.3415,10,4.3,mb,,55,1.344,1.04,us,us70004gqm,2019-09-28T20:01:06.040Z,"33km NE of Sinah, Iraq",earthquake,6.3,1.9,0.103,27,reviewed,us,us
2019-07-10T01:10:27.249Z,37.6928,72.075,131.45,4.1,mb,,71,0.367,0.63,us,us70004gha,2019-09-28T20:01:05.040Z,"48km ENE of Shughnon, Tajikistan",earthquake,7.8,3.8,0.157,11,reviewed,us,us
2019-07-09T04:47:27.721Z,31.7625,49.4622,10,4.4,mb,,73,1.946,0.71,us,us70004nuq,2019-09-28T20:01:27.040Z,"24km SE of Masjed Soleyman, Iran",earthquake,6,1.8,0.112,23,reviewed,us,us
2019-07-09T03:49:10.091Z,38.4331,20.4237,10,3.4,ml,,107,1.367,1.02,us,us70004fgt,2019-09-28T20:00:59.040Z,"25km N of Lixourion, Greece",earthquake,5.5,2,0.066,30,reviewed,us,us
2019-07-08T22:46:33.553Z,36.2462,70.7671,104.27,4.6,mb,,40,1.467,0.95,us,us70004f9s,2019-09-26T14:31:02.040Z,"24km N of `Alaqahdari-ye Kiran wa Munjan, Afghanistan",earthquake,6.2,5.3,0.069,62,reviewed,us,us
2019-07-08T16:41:50.696Z,29.8076,49.9126,10,4.1,mb,,130,3.194,0.84,us,us70004n41,2019-09-26T14:31:13.040Z,"63km WNW of Bandar-e Ganaveh, Iran",earthquake,11,2,0.213,6,reviewed,us,us
2019-07-08T07:26:18.650Z,31.7688,49.4092,10,4.7,mb,,67,1.9,0.86,us,us70004ekb,2019-09-26T14:30:59.040Z,"21km SSE of Masjed Soleyman, Iran",earthquake,2.6,1.9,0.048,131,reviewed,us,us
2019-07-08T07:00:32.441Z,31.7564,49.5611,19,5.6,mww,,36,2.03,0.69,us,us70004ejm,2019-09-26T14:30:58.040Z,"31km SE of Masjed Soleyman, Iran",earthquake,6.7,1.8,0.098,10,reviewed,us,us
2019-07-07T10:04:09.118Z,36.4942,70.7555,191.36,4.4,mb,,68,1.262,0.88,us,us70004dtw,2019-09-26T14:30:52.040Z,"41km S of Jarm, Afghanistan",earthquake,7.8,8,0.149,13,reviewed,us,us
2019-07-07T09:33:44.944Z,36.5481,70.853,194.05,4.1,mb,,80,1.173,0.94,us,us70004dt7,2019-09-26T14:30:52.040Z,"35km S of Jarm, Afghanistan",earthquake,7.4,9.8,0.213,6,reviewed,us,us
2019-07-05T18:41:00.107Z,51.5296,16.1693,10,4.6,mb,,29,1.96,0.75,us,us70004bcc,2019-09-26T14:30:21.040Z,"6km WNW of Rudna, Poland",earthquake,4.1,1.8,0.058,92,reviewed,us,us
2019-07-05T14:18:59.811Z,32.2775,30.7557,21.06,4.4,mb,,176,3.432,0.61,us,us70004b2f,2019-09-26T14:30:20.040Z,"101km NNE of Rosetta, Egypt",earthquake,9.1,6.5,0.149,13,reviewed,us,us
2019-07-05T02:12:15.440Z,42.1727,78.6241,10,4.6,mb,,66,0.366,0.94,us,us70004akb,2019-09-26T14:30:15.040Z,"37km SSE of Teploklyuchenka, Kyrgyzstan",earthquake,5.8,1.9,0.073,56,reviewed,us,us
2019-07-04T06:27:31.973Z,35.9313,54.3844,10,4.7,mb,,79,7.111,0.89,us,us700049tk,2019-09-26T14:30:08.040Z,"26km S of Damghan, Iran",earthquake,8.6,1.9,0.084,43,reviewed,us,us
2019-07-04T06:24:55.450Z,36.2485,54.3756,10,4.1,mb,,184,7.133,0.7,us,us700049ti,2019-09-26T14:30:08.040Z,"9km NNE of Damghan, Iran",earthquake,11.8,2,0.152,12,reviewed,us,us
2019-07-04T04:20:07.847Z,36.6268,70.9234,75.83,4.6,mb,,64,1.076,0.74,us,us700049sa,2019-09-26T14:30:08.040Z,"27km SSE of Jarm, Afghanistan",earthquake,4.9,7.9,0.07,61,reviewed,us,us
2019-07-04T04:01:32.598Z,35.3763,25.317,10,4.4,mb,,55,0.36,0.95,us,us700049s5,2019-09-26T14:30:07.040Z,"7km N of Gouvai, Greece",earthquake,3.5,1.9,0.091,35,reviewed,us,us
2019-07-04T04:01:31.637Z,14.0747,53.8392,10,4.4,mb,,151,22.195,0.73,us,us70004j1v,2019-09-26T14:31:05.040Z,"158km NNE of Qulansiyah, Yemen",earthquake,12.2,2,0.12,20,reviewed,us,us
2019-07-03T01:02:08.912Z,35.0194,27.8886,10,4.6,mb,,104,1.206,1,us,us7000491h,2019-09-26T14:30:03.040Z,"81km SE of Karpathos, Greece",earthquake,5.9,1.9,0.068,64,reviewed,us,us
2019-07-02T21:34:45.878Z,36.561,70.8559,188.05,4.2,mb,,74,1.161,0.56,us,us700048y9,2019-09-26T14:30:02.040Z,"33km S of Jarm, Afghanistan",earthquake,5.1,8.2,0.159,11,reviewed,us,us
2019-07-02T00:13:50.300Z,29.509,51.4757,10,4.1,mb,,70,6.194,0.7,us,us700048gw,2019-09-26T14:30:01.040Z,"21km SW of Kazerun, Iran",earthquake,6.3,1.9,0.088,35,reviewed,us,us
2019-07-01T19:38:05.930Z,32.2231,48.9775,10,4.4,mb,,63,3.963,1.03,us,us7000488s,2019-09-14T16:08:27.040Z,"22km NNE of Shushtar, Iran",earthquake,7.6,1.9,0.085,40,reviewed,us,us
2019-07-01T13:10:20.561Z,36.793,71.1402,97.97,4.5,mb,,78,0.844,0.44,us,us70004805,2019-09-14T16:08:27.040Z,"28km ESE of Jarm, Afghanistan",earthquake,7,6.6,0.15,13,reviewed,us,us
2019-07-01T01:14:03.765Z,39.335,71.6055,10,5,mb,,40,0.214,0.69,us,us700047un,2019-09-14T16:08:25.040Z,"13km NNE of Karakenja, Tajikistan",earthquake,6,1.8,0.035,269,reviewed,us,us
2019-06-30T01:18:42.104Z,39.7711,54.5156,26.48,4.4,mb,,110,7.518,1.02,us,us700047jd,2019-09-14T16:08:20.040Z,"31km NNE of Balkanabat, Turkmenistan",earthquake,7.9,5.9,0.105,26,reviewed,us,us
2019-06-29T13:20:21.435Z,33.6308,82.5671,10,4.6,mb,,100,6.729,1.15,us,us700047ar,2019-09-14T16:08:19.040Z,"193km NE of Napug, China",earthquake,8.7,1.9,0.052,110,reviewed,us,us
2019-06-29T13:01:16.646Z,40.3954,20.8018,10,4.8,mb,,86,0.587,1.03,us,us700047af,2019-09-14T16:08:19.040Z,"12km ENE of Erseke, Albania",earthquake,4.8,1.9,0.063,78,reviewed,us,us
2019-06-28T23:03:06.120Z,43.4363,11.1358,9.67,2.9,ml,,68,0.118,0.66,us,us7000472y,2019-09-14T16:08:17.040Z,"2km N of Colle di Val d'Elsa, Italy",earthquake,2.7,7.2,0.057,40,reviewed,us,us
2019-06-28T14:36:37.680Z,40.529,20.8253,10,4.4,mb,,49,0.494,0.82,us,us700046jt,2019-09-14T16:08:16.040Z,"10km SSE of Korce, Albania",earthquake,6,1.9,0.179,9,reviewed,us,us
2019-06-28T09:08:56.553Z,27.5877,53.2191,10,4.4,mb,,74,3.755,1.15,us,us700046gt,2019-09-14T16:08:16.040Z,"91km W of Gerash, Iran",earthquake,7.7,1.9,0.07,59,reviewed,us,us
2019-06-28T05:16:12.166Z,36.4914,70.2351,210.16,4.2,mb,,88,1.541,0.6,us,us700046es,2019-09-14T16:08:15.040Z,"34km ESE of Farkhar, Afghanistan",earthquake,8.2,8,0.084,40,reviewed,us,us
2019-06-27T20:29:14.729Z,36.7064,71.2503,197.99,4.3,mb,,108,0.884,0.49,us,us7000468s,2019-09-14T16:08:14.040Z,"25km W of Ashkasham, Afghanistan",earthquake,8.3,10.3,0.218,6,reviewed,us,us
2019-06-26T22:01:09.716Z,36.4613,70.8623,132.77,4.5,mb,,62,2.423,0.47,us,us700045m9,2019-09-14T16:08:11.040Z,"44km S of Jarm, Afghanistan",earthquake,6.3,7.6,0.085,41,reviewed,us,us
2019-06-26T21:33:32.577Z,36.8377,71.0159,100.9,4.4,mb,,66,2.415,0.66,us,us700045la,2019-09-14T16:08:11.040Z,"16km E of Jarm, Afghanistan",earthquake,6.7,8.5,0.099,29,reviewed,us,us
2019-06-26T20:27:24.063Z,38.1401,72.9314,119.45,4.4,mb,,69,1.604,0.64,us,us700045je,2019-09-14T16:08:11.040Z,"90km W of Murghob, Tajikistan",earthquake,6,11.5,0.219,6,reviewed,us,us
2019-06-26T09:21:58.425Z,36.5339,70.3207,208.97,4.3,mb,,66,2.245,0.5,us,us70004581,2019-09-14T16:08:10.040Z,"41km E of Farkhar, Afghanistan",earthquake,7.5,7.7,0.078,47,reviewed,us,us
2019-06-26T05:16:36.123Z,33.883,24.9989,10,4,mb,,190,1.404,0.98,us,us7000455j,2019-09-14T16:08:09.040Z,"124km S of Pirgos, Greece",earthquake,8,2,0.212,6,reviewed,us,us
2019-06-24T19:00:13.051Z,35.2122,24.302,2.65,4.1,mb,,178,0.487,1.15,us,us700049ed,2019-09-11T15:19:44.040Z,"19km SW of Atsipopoulon, Greece",earthquake,5.5,6.6,0.145,13,reviewed,us,us
2019-06-24T17:49:33.798Z,31.4827,70.0422,10,4.1,mb,,126,3.477,0.82,us,us600045bt,2019-09-11T15:19:43.040Z,"58km ENE of Zhob, Pakistan",earthquake,9.5,1.9,0.114,24,reviewed,us,us
2019-06-24T15:14:09.963Z,27.626,53.1401,10,4.3,mb,,76,3.833,0.54,us,us60004599,2019-09-11T15:19:42.040Z,"98km W of Gerash, Iran",earthquake,5.9,1.9,0.111,23,reviewed,us,us
2019-06-23T20:43:47.796Z,41.8583,12.8179,10,3.4,ml,,99,0.769,1,us,us600044xg,2019-09-11T15:19:38.040Z,"1km NNE of Zagarolo, Italy",earthquake,4,2,0.053,46,reviewed,us,us
2019-06-23T16:51:59.868Z,34.4405,45.6199,10,4.7,mb,,50,0.679,0.64,us,us600044vv,2019-09-11T15:19:37.040Z,"22km W of Sarpol-e Zahab, Iran",earthquake,5,1.9,0.047,137,reviewed,us,us
2019-06-23T07:21:25.869Z,38.5534,74.0964,94.01,4.1,mb,,130,2.012,0.71,us,us600044t3,2019-09-11T15:19:35.040Z,"44km NNE of Murghob, Tajikistan",earthquake,7.5,15,0.214,6,reviewed,us,us
2019-06-22T21:18:55.763Z,35.4533,27.2051,10,2.8,ml,,198,0.1,1.14,us,us600044sc,2019-09-11T15:19:33.040Z,"6km S of Karpathos, Greece",earthquake,2.7,2,0.256,2,reviewed,us,us
2019-06-22T20:00:00.347Z,37.5348,-1.694,4.9,3.3,mb_lg,,123,0.553,0.6,us,us600044s7,2019-09-11T15:19:32.040Z,"10km ESE of Puerto Lumbreras, Spain",earthquake,5.9,3.8,0.161,10,reviewed,us,us
2019-06-21T06:50:55.241Z,47.1404,-0.565,8,4,mwr,,109,2.107,0.93,us,us6000443c,2019-09-11T15:19:23.040Z,"2km WSW of Vihiers, France",earthquake,4.4,2,0.11,8,reviewed,us,us
2019-06-20T10:20:29.630Z,33.5304,59.6126,10,4.5,mb,,64,7.893,0.88,us,us600043m8,2019-09-11T15:19:20.040Z,"45km ESE of Qayen, Iran",earthquake,7.8,1.9,0.064,72,reviewed,us,us
2019-06-20T05:24:08.787Z,36.7045,71.2454,183.32,4.2,mb,,107,2.637,1.04,us,us600043iy,2019-09-11T15:19:19.040Z,"25km W of Ashkasham, Afghanistan",earthquake,6.2,12.3,0.166,10,reviewed,us,us
2019-06-20T02:17:06.749Z,17.1576,73.7769,10,4.3,mb,,48,11.927,0.75,us,us700046ng,2019-09-11T15:19:18.040Z,"26km SSW of Patan, India",earthquake,9.5,1.6,0.1,28,reviewed,us,us
2019-06-19T23:24:54.875Z,38.0744,20.5949,10,4.2,mb,,117,1.383,0.79,us,us600043ec,2019-09-11T15:19:16.040Z,"10km S of Valsamata, Greece",earthquake,5.8,2,0.216,6,reviewed,us,us
2019-06-19T00:45:34.337Z,39.6191,38.5906,17.35,4.2,mb,,29,1.769,0.96,us,us600042si,2019-09-11T15:19:11.040Z,"18km N of Ilic, Turkey",earthquake,5.5,5.2,0.075,50,reviewed,us,us
2019-06-18T23:00:57.682Z,36.7132,71.2767,186.13,4.2,mb,,69,0.871,0.81,us,us600042qx,2019-09-11T15:19:10.040Z,"23km W of Ashkasham, Afghanistan",earthquake,7.4,6.8,0.069,59,reviewed,us,us
2019-06-18T20:14:26.456Z,30.1718,51.6277,10,4.2,mb,,80,6.602,1.31,us,us600042nm,2019-09-11T15:19:09.040Z,"12km ENE of Nurabad, Iran",earthquake,8.3,1.9,0.103,26,reviewed,us,us
2019-06-17T17:58:20.595Z,28.4217,87.173,84.75,4.6,mb,,136,0.56,0.87,us,us600041vn,2019-09-06T14:25:18.040Z,"25km SSE of Xegar, China",earthquake,10.3,9.4,0.09,37,reviewed,us,us
2019-06-17T13:32:26.307Z,27.6334,55.8904,10,4.7,mb,,86,2.691,0.85,us,us600041r7,2019-09-06T14:25:17.040Z,"62km NW of Bandar 'Abbas, Iran",earthquake,7.7,1.9,0.067,68,reviewed,us,us
2019-06-16T12:39:10.169Z,34.6122,72.2752,31.11,4.6,mb,,84,1.264,0.99,us,us600041e0,2019-09-06T14:25:14.040Z,"16km SSW of Saidu Sharif, Pakistan",earthquake,6.5,4.5,0.082,44,reviewed,us,us
2019-06-16T10:28:56.456Z,34.894,22.5774,28.77,4.1,mb,,269,1.936,0.7,us,us600044b1,2019-09-06T14:25:27.040Z,"107km WSW of Palaiochora, Greece",earthquake,12,12.1,0.185,8,reviewed,us,us
2019-06-15T17:31:30.670Z,42.9071,11.8581,10.94,3,ml,,77,0.604,0.8,us,us60004166,2019-09-06T14:25:10.040Z,"4km NNW of San Casciano dei Bagni, Italy",earthquake,4.4,7.5,0.056,42,reviewed,us,us
2019-06-15T07:52:29.637Z,36.2076,70.8033,108.61,4.3,mb,,81,1.487,0.76,us,us6000412k,2019-09-06T14:25:08.040Z,"20km N of `Alaqahdari-ye Kiran wa Munjan, Afghanistan",earthquake,4.9,7.8,0.111,23,reviewed,us,us
2019-06-15T07:08:28.032Z,31.0541,56.7123,10,4.3,mb,,69,5.724,0.89,us,us6000412d,2019-09-06T14:25:08.040Z,"25km SSW of Ravar, Iran",earthquake,7.2,1.9,0.105,26,reviewed,us,us
2019-06-14T22:09:29.107Z,26.0485,59.832,16.03,4,mb,,122,3.003,0.63,us,us600043rx,2019-09-06T14:25:23.040Z,"116km NW of Chah Bahar, Iran",earthquake,9,5.2,0.299,3,reviewed,us,us
2019-06-14T17:47:29.386Z,36.6416,70.9986,208.94,4.1,mb,,74,1.032,0.54,us,us600040vw,2019-09-06T14:25:06.040Z,"28km SSE of Jarm, Afghanistan",earthquake,7.7,6.6,0.135,15,reviewed,us,us
2019-06-14T15:16:48.081Z,49.978,88.1889,10,4.2,mb,,84,4.488,1.46,us,us600040tn,2019-09-06T14:25:05.040Z,"17km SW of Chaganuzun, Russia",earthquake,5.5,1.9,0.152,12,reviewed,us,us
2019-06-14T07:36:43.460Z,36.6531,71.0095,216.13,4.2,mb,,75,1.018,0.67,us,us600040my,2019-09-06T14:25:05.040Z,"28km SSE of Jarm, Afghanistan",earthquake,4.8,9.7,0.146,13,reviewed,us,us
2019-06-13T21:53:39.768Z,36.7208,71.3958,181.16,4,mb,,69,0.834,1.05,us,us600040i4,2019-09-06T14:25:03.040Z,"12km WNW of Ashkasham, Afghanistan",earthquake,7.3,7.6,0.122,19,reviewed,us,us
2019-06-13T06:32:07.483Z,40.6724,52.0285,10,4.1,mb,,101,5.587,0.93,us,us6000409l,2019-09-06T14:25:02.040Z,"106km NW of Turkmenbasy, Turkmenistan",earthquake,4.7,2,0.123,18,reviewed,us,us
2019-06-12T23:21:55.682Z,34.9344,46.482,10,4.1,mb,,62,4.352,0.87,us,us6000407y,2019-09-06T14:25:00.040Z,"15km NNW of Javanrud, Iran",earthquake,8.9,2,0.106,24,reviewed,us,us
2019-06-12T21:54:30.883Z,38.6283,22.9314,10,4,mb,,68,3.02,0.88,us,us6000407p,2019-09-06T14:25:00.040Z,"6km WSW of Atalanti, Greece",earthquake,6.9,1.9,0.211,6,reviewed,us,us
2019-06-12T03:10:24.900Z,34.6813,72.8572,12.9,5.2,mb,,67,1.083,0.65,us,us70003ydx,2019-09-06T14:25:34.040Z,"15km W of Batgram, Pakistan",earthquake,6.5,3.7,0.038,230,reviewed,us,us
2019-06-12T00:45:56.800Z,31.9934,49.7291,10,4.2,mb,,78,4.572,1.16,us,us70003ydd,2019-09-06T14:25:33.040Z,"40km E of Masjed Soleyman, Iran",earthquake,8.4,1.9,0.094,31,reviewed,us,us
2019-06-10T16:04:41.120Z,34.348,8.3873,10,4.3,mb,,121,1.589,0.8,us,us600040ss,2019-08-27T17:48:08.040Z,"3km NNW of Al Metlaoui, Tunisia",earthquake,5.2,1.9,0.201,8,reviewed,us,us
2019-06-10T13:26:19.098Z,35.5435,4.9428,36.97,4.1,mb,,92,3.591,0.97,us,us70003xn7,2019-08-27T17:48:07.040Z,"39km S of Bordj Ghdir, Algeria",earthquake,8.2,9.1,0.213,6,reviewed,us,us
2019-06-09T13:43:49.173Z,35.1928,26.9405,10,4,mb,,147,0.396,1.01,us,us70003xg1,2019-08-27T17:47:59.040Z,"42km SW of Karpathos, Greece",earthquake,5.1,1.9,0.196,7,reviewed,us,us
2019-06-09T02:36:53.562Z,32.7729,71.2286,35,4.2,mb,,158,1.921,1.23,us,us70003xdg,2019-08-27T17:47:58.040Z,"15km WSW of Kamar Mushani, Pakistan",earthquake,6.2,2,0.107,24,reviewed,us,us
2019-06-08T16:58:35.657Z,37.4213,71.8791,130.11,4.4,mb,,78,2.059,0.97,us,us70003xas,2019-08-27T17:47:55.040Z,"18km NNE of Roshtqal'a, Tajikistan",earthquake,8.5,12.2,0.239,5,reviewed,us,us
2019-06-07T21:47:08.080Z,42.2079,80.6295,10,4.6,mb,,118,1.678,1.16,us,us70003x14,2019-08-27T17:47:50.040Z,"124km NNE of Aksu, China",earthquake,5.6,1.9,0.129,18,reviewed,us,us
2019-06-07T12:21:40.045Z,35.764,28.3004,49.02,4.3,mb,,109,0.471,0.68,us,us70003wpv,2019-08-27T17:47:47.040Z,"44km SE of Lardos, Greece",earthquake,3.8,6.2,0.063,72,reviewed,us,us
2019-06-07T10:22:54.558Z,43.8765,10.0904,10,2.9,ml,,75,0.603,0.64,us,us70003wn8,2019-08-27T17:47:46.040Z,"11km SW of Forte dei Marmi, Italy",earthquake,1.6,1.9,0.057,40,reviewed,us,us
2019-06-07T05:27:12.567Z,42.2827,48.9851,58.72,4.5,mb,,52,3.846,0.95,us,us70003wlb,2019-08-27T17:47:45.040Z,"62km ENE of Derbent, Russia",earthquake,8.3,8.6,0.089,37,reviewed,us,us
2019-06-05T20:23:45.793Z,38.2353,73.9605,156.87,4.4,mb,,135,3.046,0.56,us,us70003w05,2019-08-27T17:47:36.040Z,"7km N of Murghob, Tajikistan",earthquake,5.3,9.8,0.178,9,reviewed,us,us
2019-06-05T17:01:12.400Z,24.537,72.7357,10,4,mb,,112,9.093,0.84,us,us70003vv0,2019-08-27T17:47:36.040Z,"7km NW of Abu Road, India",earthquake,5.4,2,0.111,22,reviewed,us,us
2019-06-05T12:33:07.835Z,40.7644,51.9265,38.79,4.7,mb,,41,5.515,0.59,us,us70003vr7,2019-08-27T17:47:35.040Z,"120km NW of Turkmenbasy, Turkmenistan",earthquake,7.3,8,0.045,147,reviewed,us,us
2019-06-05T07:24:48.135Z,27.5355,66.0634,10,4.3,mb,,161,7.435,0.99,us,us70003vnx,2019-08-27T17:47:34.040Z,"61km WSW of Khuzdar, Pakistan",earthquake,6.5,1.9,0.116,21,reviewed,us,us
2019-06-05T06:37:53.594Z,27.7545,65.8092,26.28,4.7,mb,,93,7.283,0.83,us,us70003vnk,2019-08-27T17:47:34.040Z,"82km W of Khuzdar, Pakistan",earthquake,8.1,5,0.052,115,reviewed,us,us
2019-06-05T03:36:15.632Z,34.4738,45.7379,10,4.6,mb,,93,1.175,0.56,us,us70003vmd,2019-08-27T17:47:33.040Z,"11km W of Sarpol-e Zahab, Iran",earthquake,9.4,1.9,0.047,135,reviewed,us,us
2019-06-05T03:33:05.508Z,34.369,45.6153,10,4.7,mb,,67,1.265,0.68,us,us70003vmb,2019-08-27T17:47:33.040Z,"24km WSW of Sarpol-e Zahab, Iran",earthquake,8.1,1.9,0.055,102,reviewed,us,us
2019-06-02T13:08:47.500Z,40.7824,30.7838,5.39,4.5,mwr,,27,0.442,0.37,us,us70003uej,2019-08-24T21:17:49.040Z,"3km ESE of Hendek, Turkey",earthquake,4.1,5.1,0.071,19,reviewed,us,us
2019-06-02T01:16:58.778Z,27.6941,59.2935,61.79,4.4,mb,,70,3.896,0.85,us,us70003u9t,2019-08-24T21:17:46.040Z,"147km WNW of Iranshahr, Iran",earthquake,6.2,6.3,0.087,38,reviewed,us,us
2019-06-01T18:50:14.540Z,40.4722,20.7171,10,4.4,mb,,36,1.036,1.22,us,us70003u75,2019-08-24T21:17:45.040Z,"15km NNE of Erseke, Albania",earthquake,5.4,1.9,0.075,52,reviewed,us,us
2019-06-01T18:37:41.224Z,40.6984,20.7132,10,4.2,mb,,51,0.913,1.01,us,us70003u6t,2019-08-24T21:17:45.040Z,"1km SE of Maliq, Albania",earthquake,5.5,2,0.236,5,reviewed,us,us
2019-06-01T18:30:11.637Z,40.4053,20.7581,10,4.3,mb,,53,1.011,0.8,us,us70003u6q,2019-08-24T21:17:45.040Z,"10km NE of Erseke, Albania",earthquake,5.2,1.9,0.13,17,reviewed,us,us
2019-06-01T15:19:25.759Z,40.5923,20.7293,10,4.3,mb,,55,0.999,0.71,us,us70003u5h,2019-08-24T21:17:44.040Z,"5km SW of Korce, Albania",earthquake,4.3,2,0.154,12,reviewed,us,us
2019-06-01T07:00:28.533Z,40.5713,20.7398,10,5,mww,,36,1.02,0.81,us,us70003u24,2019-08-24T21:17:43.040Z,"6km SSW of Korce, Albania",earthquake,5.1,1.8,0.039,63,reviewed,us,us
2019-06-01T04:51:59.497Z,40.4731,20.7126,10,4.7,mww,,36,1.034,1.09,us,us70003u1n,2019-08-24T21:17:43.040Z,"15km N of Erseke, Albania",earthquake,5.4,1.9,0.05,39,reviewed,us,us
2019-06-01T04:34:02.911Z,32.1414,48.9222,10,4.9,mb,,79,3.992,1.19,us,us70003u1h,2019-08-24T21:17:43.040Z,"12km NNE of Shushtar, Iran",earthquake,6.6,1.7,0.177,10,reviewed,us,us
2019-06-01T04:33:07.949Z,40.6433,20.7704,10,4.9,mww,,33,0.983,0.92,us,us70003u1c,2019-08-24T21:17:43.040Z,"2km NNW of Korce, Albania",earthquake,4.7,1.8,0.045,48,reviewed,us,us
2019-06-01T04:32:48.347Z,40.6546,20.5962,10,4.3,mb,,50,0.886,0.87,us,us70003wtl,2019-08-24T21:17:42.040Z,"10km WSW of Maliq, Albania",earthquake,4.1,1.8,0.168,10,reviewed,us,us
2019-06-01T04:26:19.636Z,40.5257,20.7025,10,5.2,mww,,33,1.038,1.22,us,us70003u1a,2019-08-24T21:17:42.040Z,"12km SSW of Korce, Albania",earthquake,4.6,1.8,0.033,89,reviewed,us,us
2019-05-31T16:01:33.047Z,36.8669,75.8543,35,4.5,mb,,119,3.413,1.37,us,us70003tqw,2019-08-24T21:17:40.040Z,"121km ENE of Barishal, Pakistan",earthquake,8.9,2,0.113,23,reviewed,us,us
2019-05-31T02:09:11.254Z,44.1676,17.3858,11.52,2.6,ml,,113,2.211,0.94,us,us70003uyx,2019-08-24T21:17:38.040Z,"2km NNW of Donji Vakuf, Bosnia and Herzegovina",earthquake,6.1,8.1,0.074,24,reviewed,us,us
2019-05-31T00:36:44.624Z,34.4841,82.9807,10,4.3,mb,,76,7.284,0.95,us,us70003thd,2019-08-24T21:17:38.040Z,"270km NNW of Luring, China",earthquake,7.5,1.9,0.096,31,reviewed,us,us
2019-05-30T23:09:12.213Z,29.1951,56.2983,10,4.1,mb,,128,4.233,1.21,us,us70003tgq,2019-08-24T21:17:38.040Z,"49km W of Kuh Sefid, Iran",earthquake,7,1.9,0.114,21,reviewed,us,us
2019-05-30T06:44:04.789Z,36.5389,71.156,223.88,4.2,mb,,105,1.068,0.59,us,us70003t1y,2019-08-24T21:17:36.040Z,"37km WSW of Ashkasham, Afghanistan",earthquake,5.8,8.2,0.102,27,reviewed,us,us
2019-05-30T05:22:13.327Z,36.0453,70.8711,106.39,4.3,mb,,83,1.611,0.54,us,us70003t1g,2019-08-24T21:17:36.040Z,"9km ENE of `Alaqahdari-ye Kiran wa Munjan, Afghanistan",earthquake,4.1,11.7,0.168,10,reviewed,us,us
2019-05-29T19:42:26.067Z,39.381,39.8208,10,4.3,mb,,59,0.822,0.84,us,us70003suw,2019-08-24T21:17:34.040Z,"8km SW of Turluk, Turkey",earthquake,4.3,1.9,0.099,29,reviewed,us,us
2019-05-29T18:40:43.336Z,40.4623,63.6253,10,4.7,mb,,125,4.533,0.84,us,us70003stv,2019-08-24T21:17:34.040Z,"39km NNE of Gazli, Uzbekistan",earthquake,6.7,1.9,0.066,70,reviewed,us,us
2019-05-28T05:27:47.890Z,36.9423,27.6236,10,4.6,mb,,36,0.83,0.78,us,us60003sy2,2019-08-30T22:07:12.857Z,"20km ESE of Bodrum, Turkey",earthquake,4.2,1.8,0.049,124,reviewed,us,us
2019-05-27T14:23:14.471Z,36.4607,71.1002,215.8,4.3,mb,,59,1.157,1.22,us,us60003sq6,2019-08-13T14:30:42.040Z,"45km WSW of Ashkasham, Afghanistan",earthquake,7.3,6.1,0.082,42,reviewed,us,us
2019-05-26T23:31:57.258Z,38.54,16.1676,6.51,4.1,mb,,58,0.352,1.1,us,us60003sk5,2019-08-13T14:30:41.040Z,"1km S of Melicucca, Italy",earthquake,4.3,5.7,0.186,8,reviewed,us,us
2019-05-26T15:25:52.034Z,43.249,18.0033,10,3.1,ml,,116,1.235,0.59,us,us60003sfx,2019-08-13T14:30:39.040Z,"8km W of Nevesinje, Bosnia and Herzegovina",earthquake,6.2,2,0.06,36,reviewed,us,us
2019-05-26T13:59:35.984Z,36.4211,68.1739,33.47,4.1,mb,,164,1.139,0.65,us,us60003sfe,2019-08-13T14:30:39.040Z,"22km NE of Aibak, Afghanistan",earthquake,7.2,8,0.212,6,reviewed,us,us
2019-05-26T12:07:11.990Z,37.2303,28.0226,10,4.5,mb,,44,1.017,0.86,us,us60003sex,2019-08-13T14:30:39.040Z,"16km SW of Yatagan, Turkey",earthquake,4.3,1.8,0.14,15,reviewed,us,us
2019-05-26T09:07:08.532Z,36.5584,70.7654,219.47,4.4,mb,,99,1.205,0.95,us,us60003sdx,2019-08-13T14:30:38.040Z,"34km S of Jarm, Afghanistan",earthquake,6.8,8,0.134,16,reviewed,us,us
2019-05-26T05:09:10.629Z,23.2123,86.8925,10,4.7,mb,,99,6.208,0.66,us,us60003sb2,2019-08-13T14:30:38.040Z,"18km WSW of Bankura, India",earthquake,6.5,1.9,0.066,69,reviewed,us,us
2019-05-26T02:09:27.242Z,30.3347,87.5686,10,4.8,mb,,66,2.458,1.26,us,us60003s9b,2019-08-13T14:30:37.040Z,"121km WSW of Jiajuedibu, China",earthquake,6.9,1.8,0.045,154,reviewed,us,us
2019-05-26T01:44:55.302Z,30.3288,87.661,10,4.7,mb,,51,2.475,1.34,us,us60003s91,2019-08-13T14:30:37.040Z,"114km SW of Jiajuedibu, China",earthquake,8.4,1.9,0.06,84,reviewed,us,us
2019-05-25T22:35:26.377Z,40.0479,20.4402,27.54,4.2,mb,,59,0.598,1.15,us,us60003s77,2019-08-13T14:30:37.040Z,"11km WNW of Kefalovryson, Greece",earthquake,4.3,7.1,0.2,7,reviewed,us,us
2019-05-25T18:26:41.112Z,34.8282,45.8045,10,4.2,mb,,62,0.296,0.79,us,us60003s50,2019-08-13T14:30:37.040Z,"41km N of Sarpol-e Zahab, Iran",earthquake,5.5,1.9,0.088,39,reviewed,us,us
2019-05-25T15:23:59.917Z,29.5741,81.4056,49.39,4,mb,,219,5.011,0.99,us,us60003s4n,2019-08-13T14:30:37.040Z,"56km NE of Dipayal, Nepal",earthquake,13.8,21.5,0.164,10,reviewed,us,us
2019-05-25T05:17:24.276Z,27.6468,86.3425,10,4.5,mb,,147,4.676,0.64,us,us60003s00,2019-08-13T14:30:35.040Z,"39km S of Zuobude, China",earthquake,9.8,1.9,0.075,52,reviewed,us,us
2019-05-24T22:34:05.640Z,43.0555,47.1834,10,4.5,mb,,39,3.393,0.81,us,us60003rxg,2019-08-13T14:30:35.040Z,"9km WNW of Korkmaskala, Russia",earthquake,7,1.9,0.046,140,reviewed,us,us
2019-05-24T21:17:58.622Z,37.8101,21.1012,10,4.3,mb,,118,0.909,0.82,us,us60003rwq,2019-08-13T14:30:35.040Z,"4km SSW of Ayios Nikolaos, Greece",earthquake,4.9,1.9,0.103,27,reviewed,us,us
2019-05-24T09:25:14.208Z,28.9732,52.2221,10,4.1,mb,,92,5.359,1.11,us,us70003trj,2019-08-13T14:30:49.040Z,"36km WNW of Firuzabad, Iran",earthquake,8.2,1.9,0.12,19,reviewed,us,us
